generazione,dna,tempo,accuracy,fitness,normalized_fitness
1,"[4, 45, 4, 188]",75.42799687385559,0.33175355195999146,0.33175355195999146,0.39830508203607157
1,"[1, 173, 2, 242]",83.70854043960571,0.6398104429244995,0.6398104429244995,0.9491525676633322
1,"[1, 171, 5, 44]",84.27550554275513,0.10900473594665527,0.10900473594665527,0.0
1,"[2, 182, 4, 177]",188.19216990470886,0.3649289011955261,0.3649289011955261,0.4576271041923816
1,"[4, 36, 2, 190]",83.78616070747375,0.5639810562133789,0.5639810562133789,0.8135593437114276
1,"[3, 117, 1, 68]",136.4822919368744,0.6540284156799316,0.6540284156799316,0.9745762305410732
1,"[1, 82, 1, 49]",33.48352789878845,0.5876777172088623,0.5876777172088623,0.8559321862284531
1,"[3, 171, 4, 200]",271.4957103729248,0.43127962946891785,0.43127962946891785,0.5762712017955945
1,"[2, 96, 4, 171]",74.50180649757385,0.41706159710884094,0.41706159710884094,0.5508474323366678
1,"[2, 222, 3, 105]",261.65614557266235,0.4597156345844269,0.4597156345844269,0.6271186341322623
1,"[2, 81, 1, 119]",60.49498128890991,0.6303317546844482,0.6303317546844482,0.9322033880240477
1,"[2, 95, 3, 57]",74.31690764427185,0.27962085604667664,0.27962085604667664,0.30508475389178535
1,"[4, 221, 2, 165]",546.065351486206,0.5450236797332764,0.5450236797332764,0.7796609844328586
1,"[2, 130, 1, 189]",100.4424204826355,0.5924170613288879,0.5924170613288879,0.8644067760480953
1,"[1, 117, 1, 133]",46.473490715026855,0.6682464480400085,0.6682464480400085,1.0
1,"[3, 46, 3, 167]",72.32774043083191,0.4644549787044525,0.4644549787044525,0.6355932239519047
2,"[3, 171, 1, 49]",260.08914518356323,0.6398104429244995,0.6398104429244995,0.9010988889490845
2,"[4, 45, 4, 68]",93.34518218040466,0.2890995144844055,0.2890995144844055,0.08791208335590668
2,"[4, 36, 3, 57]",87.00179600715637,0.2511848211288452,0.2511848211288452,0.0
2,"[3, 171, 4, 189]",262.68397331237793,0.450236976146698,0.450236976146698,0.4615384721695511
2,"[1, 36, 2, 190]",24.831916570663452,0.5734597444534302,0.5734597444534302,0.7472527776272888
2,"[1, 173, 3, 105]",85.0847327709198,0.4360189437866211,0.4360189437866211,0.4285713890845246
2,"[3, 117, 1, 105]",117.96756267547607,0.5639810562133789,0.5639810562133789,0.7252747222372711
2,"[2, 81, 1, 119]",62.74699258804321,0.6824644804000854,0.6824644804000854,1.0
2,"[2, 222, 3, 57]",269.95233511924744,0.3033175468444824,0.3033175468444824,0.1208791664409332
2,"[4, 130, 1, 189]",177.12100911140442,0.49289098381996155,0.49289098381996155,0.5604395141183846
2,"[1, 173, 1, 189]",85.58437776565552,0.6398104429244995,0.6398104429244995,0.9010988889490845
2,"[3, 222, 3, 105]",341.53489089012146,0.27014216780662537,0.27014216780662537,0.04395604167795334
2,"[1, 173, 4, 105]",87.4942901134491,0.4123222827911377,0.4123222827911377,0.3736263888136444
2,"[2, 173, 2, 242]",177.82753896713257,0.6113743782043457,0.6113743782043457,0.8351647227790314
2,"[2, 82, 1, 49]",66.05080842971802,0.5450236797332764,0.5450236797332764,0.6813186114572357
2,"[4, 117, 1, 177]",128.21250438690186,0.5118483304977417,0.5118483304977417,0.604395555796338
3,"[3, 81, 1, 119]",93.98958849906921,0.6255924105644226,0.6255924105644226,0.8888888430147217
3,"[2, 82, 1, 189]",63.88318657875061,0.6635071039199829,0.6635071039199829,0.969696922539609
3,"[3, 171, 4, 119]",264.89950609207153,0.2369668185710907,0.2369668185710907,0.06060605964366549
3,"[3, 45, 4, 68]",73.88718700408936,0.20853079855442047,0.20853079855442047,0.0
3,"[2, 82, 1, 190]",60.38726544380188,0.5734597444534302,0.5734597444534302,0.7777778130655987
3,"[3, 117, 1, 105]",135.63295817375183,0.6113743782043457,0.6113743782043457,0.8585857655543306
3,"[2, 81, 1, 189]",60.909982681274414,0.5734597444534302,0.5734597444534302,0.7777778130655987
3,"[1, 130, 1, 189]",50.78172302246094,0.6398104429244995,0.6398104429244995,0.9191919204751127
3,"[1, 173, 3, 189]",88.28699517250061,0.5165876746177673,0.5165876746177673,0.6565656302601901
3,"[4, 130, 1, 49]",225.83999705314636,0.6777251362800598,0.6777251362800598,1.0
3,"[4, 173, 2, 242]",360.64559507369995,0.5165876746177673,0.5165876746177673,0.6565656302601901
3,"[1, 36, 2, 190]",25.328157901763916,0.5639810562133789,0.5639810562133789,0.757575761425338
3,"[2, 117, 1, 105]",97.37376236915588,0.6398104429244995,0.6398104429244995,0.9191919204751127
3,"[2, 130, 1, 189]",93.55907535552979,0.6350710988044739,0.6350710988044739,0.9090908946549824
3,"[3, 173, 3, 105]",276.6113224029541,0.3601895868778229,0.3601895868778229,0.3232323498585881
3,"[2, 82, 1, 177]",60.307068824768066,0.6682464480400085,0.6682464480400085,0.9797979483597393
4,"[2, 82, 1, 190]",65.97965836524963,0.6303317546844482,0.6303317546844482,0.6842106656684833
4,"[1, 130, 1, 189]",42.35511493682861,0.6682464480400085,0.6682464480400085,0.8947369988770437
4,"[3, 81, 1, 177]",96.22145986557007,0.6682464480400085,0.6682464480400085,0.8947369988770437
4,"[2, 81, 1, 49]",64.60632085800171,0.549763023853302,0.549763023853302,0.23684216622996146
4,"[1, 82, 1, 190]",35.23251247406006,0.6872037649154663,0.6872037649154663,1.0
4,"[2, 82, 1, 177]",65.07917475700378,0.5971564054489136,0.5971564054489136,0.500000165481324
4,"[3, 81, 1, 105]",92.62492632865906,0.5687204003334045,0.5687204003334045,0.3421054983155656
4,"[1, 82, 1, 189]",35.23709321022034,0.6635071039199829,0.6635071039199829,0.8684211658556427
4,"[3, 82, 1, 190]",87.49169111251831,0.5734597444534302,0.5734597444534302,0.36842133133696664
4,"[2, 117, 1, 105]",98.22039198875427,0.6445497870445251,0.6445497870445251,0.7631581647326864
4,"[2, 82, 1, 49]",65.337965965271,0.620853066444397,0.620853066444397,0.6315789996256812
4,"[4, 130, 1, 189]",228.68507623672485,0.6161137223243713,0.6161137223243713,0.6052631666042803
4,"[1, 173, 2, 242]",87.59566736221313,0.6113743782043457,0.6113743782043457,0.5789473335828792
4,"[3, 81, 1, 49]",96.35239863395691,0.5071089863777161,0.5071089863777161,0.0
4,"[3, 130, 1, 189]",152.9653491973877,0.578199028968811,0.578199028968811,0.3947368333957198
4,"[3, 117, 1, 189]",145.18035411834717,0.5734597444534302,0.5734597444534302,0.36842133133696664
5,"[3, 81, 1, 177]",60.882758378982544,0.5355450510978699,0.5355450510978699,0.1282053349207772
5,"[1, 130, 1, 189]",55.17578196525574,0.6303317546844482,0.6303317546844482,0.6410257071746487
5,"[4, 174, 1, 190]",362.5505619049072,0.620853066444397,0.620853066444397,0.5897435732063379
5,"[1, 82, 3, 189]",37.570043325424194,0.5118483304977417,0.5118483304977417,0.0
5,"[1, 173, 2, 190]",88.12831115722656,0.6872037649154663,0.6872037649154663,0.9487178660316891
5,"[1, 130, 1, 189]",48.82136535644531,0.5876777172088623,0.5876777172088623,0.4102564267936622
5,"[1, 82, 1, 189]",35.65496563911438,0.6966824531555176,0.6966824531555176,1.0
5,"[2, 81, 1, 189]",64.83535695075989,0.6587677597999573,0.6587677597999573,0.7948717866031689
5,"[3, 81, 1, 189]",67.94940876960754,0.5450236797332764,0.5450236797332764,0.17948714641267566
5,"[4, 130, 1, 189]",235.5786542892456,0.6066350936889648,0.6066350936889648,0.5128206947302839
5,"[3, 82, 1, 189]",97.35555768013,0.5829383730888367,0.5829383730888367,0.38461535980950673
5,"[4, 130, 1, 189]",220.60347962379456,0.6018957495689392,0.6018957495689392,0.4871796277461285
5,"[4, 81, 1, 49]",125.09853839874268,0.521327018737793,0.521327018737793,0.05128213396831089
5,"[2, 82, 1, 190]",64.50073456764221,0.5829383730888367,0.5829383730888367,0.38461535980950673
5,"[1, 81, 1, 105]",35.71158218383789,0.5971564054489136,0.5971564054489136,0.4615385607619731
5,"[3, 130, 1, 189]",172.35917377471924,0.6587677597999573,0.6587677597999573,0.7948717866031689
6,"[1, 81, 1, 189]",35.97640538215637,0.6161137223243713,0.6161137223243713,0.27272716878858366
6,"[2, 82, 1, 190]",67.59808158874512,0.6255924105644226,0.6255924105644226,0.36363641560570814
6,"[2, 82, 1, 190]",66.49420642852783,0.6682464480400085,0.6682464480400085,0.7727274546199786
6,"[3, 130, 1, 105]",153.61447834968567,0.620853066444397,0.620853066444397,0.31818179219714593
6,"[1, 130, 2, 190]",58.515687465667725,0.6398104429244995,0.6398104429244995,0.5000002858313949
6,"[2, 82, 1, 189]",66.82720422744751,0.5876777172088623,0.5876777172088623,0.0
6,"[2, 82, 1, 189]",67.18770980834961,0.6729857921600342,0.6729857921600342,0.8181820780285408
6,"[1, 81, 1, 200]",35.93974709510803,0.6919431090354919,0.6919431090354919,1.0
6,"[4, 174, 1, 189]",330.8610634803772,0.6303317546844482,0.6303317546844482,0.4090910390142704
6,"[1, 81, 1, 189]",36.05498027801514,0.5876777172088623,0.5876777172088623,0.0
6,"[1, 81, 1, 144]",32.635672092437744,0.6066350936889648,0.6066350936889648,0.181818493634249
6,"[3, 82, 1, 189]",102.07634472846985,0.6255924105644226,0.6255924105644226,0.36363641560570814
6,"[1, 82, 1, 189]",36.99030160903931,0.6066350936889648,0.6066350936889648,0.181818493634249
6,"[3, 81, 1, 189]",98.10198330879211,0.6777251362800598,0.6777251362800598,0.8636367014371031
6,"[3, 130, 1, 190]",142.5187656879425,0.5876777172088623,0.5876777172088623,0.0
6,"[1, 81, 1, 177]",36.394755125045776,0.6161137223243713,0.6161137223243713,0.27272716878858366
7,"[2, 82, 1, 190]",50.2651150226593,0.5308057069778442,0.5308057069778442,0.048780562620934546
7,"[1, 81, 1, 189]",36.18788814544678,0.5450236797332764,0.5450236797332764,0.12195109980650473
7,"[3, 81, 1, 200]",96.74507570266724,0.521327018737793,0.521327018737793,0.0
7,"[1, 81, 1, 200]",36.16291809082031,0.6872037649154663,0.6872037649154663,0.8536583121371963
7,"[1, 130, 1, 105]",57.44421720504761,0.5545023679733276,0.5545023679733276,0.17073166242743928
7,"[3, 81, 1, 190]",92.2780876159668,0.6350710988044739,0.6350710988044739,0.5853658312137197
7,"[1, 81, 3, 189]",37.65833306312561,0.5734597444534302,0.5734597444534302,0.26829278766930836
7,"[1, 81, 1, 189]",35.83433389663696,0.7156398296356201,0.7156398296356201,1.0
7,"[1, 81, 1, 177]",35.71082019805908,0.649289071559906,0.649289071559906,0.6585363683992899
7,"[2, 81, 1, 189]",61.81353163719177,0.5402843356132507,0.5402843356132507,0.09756081849603745
7,"[3, 130, 1, 190]",143.93629908561707,0.578199028968811,0.578199028968811,0.292682762233944
7,"[1, 81, 1, 189]",35.92171669006348,0.6777251362800598,0.6777251362800598,0.8048780562620934
7,"[3, 81, 1, 189]",96.07659864425659,0.6066350936889648,0.6066350936889648,0.4390244500967476
7,"[2, 82, 1, 189]",64.46340036392212,0.620853066444397,0.620853066444397,0.5121949872823178
7,"[1, 81, 1, 189]",35.839611530303955,0.6966824531555176,0.6966824531555176,0.9024388747581309
7,"[3, 81, 1, 190]",96.0079493522644,0.6872037649154663,0.6872037649154663,0.8536583121371963
8,"[1, 81, 1, 189]",35.42859387397766,0.6255924105644226,0.6255924105644226,0.6399999597549478
8,"[1, 81, 1, 190]",36.3196325302124,0.6445497870445251,0.6445497870445251,0.8000002012252606
8,"[2, 81, 1, 177]",68.63406491279602,0.6113743782043457,0.6113743782043457,0.5199997786522134
8,"[1, 81, 1, 189]",36.15427780151367,0.6682464480400085,0.6682464480400085,1.0
8,"[1, 81, 1, 177]",41.75315880775452,0.6303317546844482,0.6303317546844482,0.680000020122526
8,"[1, 81, 1, 189]",36.96053957939148,0.6445497870445251,0.6445497870445251,0.8000002012252606
8,"[1, 81, 1, 189]",37.04297709465027,0.6350710988044739,0.6350710988044739,0.7200000804901042
8,"[1, 81, 1, 177]",36.91893815994263,0.6161137223243713,0.6161137223243713,0.5599998390197916
8,"[1, 81, 1, 190]",34.24281978607178,0.6587677597999573,0.6587677597999573,0.9199998792648436
8,"[3, 81, 1, 190]",83.46393275260925,0.549763023853302,0.549763023853302,0.0
8,"[1, 81, 1, 189]",36.044044733047485,0.6587677597999573,0.6587677597999573,0.9199998792648436
8,"[3, 81, 1, 177]",95.72141218185425,0.620853066444397,0.620853066444397,0.5999998993873696
8,"[1, 81, 1, 189]",31.660463094711304,0.6350710988044739,0.6350710988044739,0.7200000804901042
8,"[1, 81, 1, 190]",36.26873207092285,0.6682464480400085,0.6682464480400085,1.0
8,"[1, 81, 1, 189]",36.262287616729736,0.6350710988044739,0.6350710988044739,0.7200000804901042
8,"[1, 81, 1, 200]",35.082841873168945,0.6255924105644226,0.6255924105644226,0.6399999597549478
9,"[1, 81, 4, 189]",38.872403383255005,0.48341232538223267,0.48341232538223267,0.1929824445276264
9,"[1, 81, 1, 190]",36.22079300880432,0.6824644804000854,0.6824644804000854,0.9298246659180291
9,"[1, 81, 1, 177]",36.19405913352966,0.6682464480400085,0.6682464480400085,0.877192999875227
9,"[2, 81, 1, 177]",68.750572681427,0.6161137223243713,0.6161137223243713,0.684210445026718
9,"[1, 81, 4, 190]",38.63836431503296,0.43127962946891785,0.43127962946891785,0.0
9,"[1, 81, 1, 190]",36.13507127761841,0.6587677597999573,0.6587677597999573,0.8421052225133591
9,"[1, 81, 1, 190]",36.013885498046875,0.6066350936889648,0.6066350936889648,0.6491228883066152
9,"[3, 81, 1, 177]",96.5416579246521,0.6255924105644226,0.6255924105644226,0.7192982223885861
9,"[1, 81, 1, 177]",36.093865156173706,0.649289071559906,0.649289071559906,0.807017445151491
9,"[1, 81, 1, 190]",35.683192014694214,0.6872037649154663,0.6872037649154663,0.9473683339571979
9,"[1, 81, 1, 190]",33.75977110862732,0.6303317546844482,0.6303317546844482,0.7368421110695201
9,"[3, 81, 1, 189]",96.42468333244324,0.6398104429244995,0.6398104429244995,0.7719298884313882
9,"[1, 81, 1, 189]",36.25671720504761,0.6350710988044739,0.6350710988044739,0.7543859997504542
9,"[1, 81, 1, 189]",35.86915993690491,0.649289071559906,0.649289071559906,0.807017445151491
9,"[1, 81, 1, 190]",35.96870994567871,0.7014217972755432,0.7014217972755432,1.0
9,"[1, 81, 1, 177]",35.96669316291809,0.6398104429244995,0.6398104429244995,0.7719298884313882
10,"[1, 81, 1, 189]",36.13822078704834,0.6966824531555176,0.6966824531555176,1.0
10,"[1, 81, 1, 190]",34.133894205093384,0.6635071039199829,0.6635071039199829,0.8
10,"[2, 81, 1, 189]",60.99078035354614,0.6777251362800598,0.6777251362800598,0.8857144397132539
10,"[1, 81, 1, 190]",36.13847327232361,0.6350710988044739,0.6350710988044739,0.628571479904418
10,"[1, 81, 1, 177]",31.36919927597046,0.6587677597999573,0.6587677597999573,0.771428520095582
10,"[3, 81, 1, 189]",65.24986934661865,0.5308057069778442,0.5308057069778442,0.0
10,"[1, 81, 1, 177]",35.97382307052612,0.6066350936889648,0.6066350936889648,0.45714295980883596
10,"[2, 81, 1, 189]",64.30358004570007,0.620853066444397,0.620853066444397,0.5428570401911641
10,"[1, 81, 1, 177]",37.27327561378479,0.6540284156799316,0.6540284156799316,0.742857040191164
10,"[1, 81, 1, 190]",37.206161975860596,0.6255924105644226,0.6255924105644226,0.571428520095582
10,"[1, 81, 1, 177]",36.99077773094177,0.6729857921600342,0.6729857921600342,0.8571429598088359
10,"[1, 81, 1, 177]",37.002721548080444,0.6255924105644226,0.6255924105644226,0.571428520095582
10,"[3, 81, 1, 190]",77.4646327495575,0.6066350936889648,0.6066350936889648,0.45714295980883596
10,"[1, 81, 1, 177]",36.9598126411438,0.6587677597999573,0.6587677597999573,0.771428520095582
10,"[1, 81, 1, 177]",36.65547776222229,0.6540284156799316,0.6540284156799316,0.742857040191164
10,"[1, 81, 1, 177]",36.49355149269104,0.6255924105644226,0.6255924105644226,0.571428520095582
11,"[1, 81, 1, 177]",36.4445276260376,0.6635071039199829,0.6635071039199829,0.7647059041117273
11,"[1, 81, 1, 189]",36.38305950164795,0.5971564054489136,0.5971564054489136,0.35294132878209156
11,"[1, 81, 1, 177]",32.12457060813904,0.6919431090354919,0.6919431090354919,0.9411763835530905
11,"[1, 81, 1, 177]",31.96951675415039,0.6587677597999573,0.6587677597999573,0.7352940958882727
11,"[1, 133, 1, 190]",57.90120077133179,0.6587677597999573,0.6587677597999573,0.7352940958882727
11,"[1, 81, 1, 190]",36.21154475212097,0.6587677597999573,0.6587677597999573,0.7352940958882727
11,"[1, 81, 1, 177]",36.22085189819336,0.6350710988044739,0.6350710988044739,0.5882354246703642
11,"[1, 81, 1, 177]",36.21255612373352,0.6113743782043457,0.6113743782043457,0.4411763835530905
11,"[1, 81, 1, 177]",36.605008363723755,0.6777251362800598,0.6777251362800598,0.8529413287820915
11,"[2, 81, 1, 190]",63.84788465499878,0.5734597444534302,0.5734597444534302,0.20588265756418309
11,"[2, 81, 1, 177]",67.71766424179077,0.6303317546844482,0.6303317546844482,0.5588236164469095
11,"[3, 81, 1, 189]",70.80318188667297,0.5592417120933533,0.5592417120933533,0.11764723289381891
11,"[1, 81, 1, 189]",36.13620400428772,0.6872037649154663,0.6872037649154663,0.9117645753296358
11,"[1, 81, 1, 177]",36.06320118904114,0.6587677597999573,0.6587677597999573,0.7352940958882727
11,"[1, 81, 1, 177]",33.274860858917236,0.5402843356132507,0.5402843356132507,0.0
11,"[1, 81, 1, 190]",36.13933873176575,0.7014217972755432,0.7014217972755432,1.0
12,"[1, 81, 1, 190]",36.005165576934814,0.6872037649154663,0.6872037649154663,1.0
12,"[1, 81, 1, 177]",36.01706337928772,0.6113743782043457,0.6113743782043457,0.8072288974066182
12,"[1, 81, 1, 177]",36.095489501953125,0.6729857921600342,0.6729857921600342,0.9638555129669093
12,"[1, 81, 1, 190]",36.10282230377197,0.6777251362800598,0.6777251362800598,0.9759037258196294
12,"[1, 81, 1, 177]",35.803428411483765,0.6824644804000854,0.6824644804000854,0.9879519386723494
12,"[1, 133, 5, 190]",61.62915897369385,0.29383885860443115,0.29383885860443115,0.0
12,"[1, 81, 1, 177]",36.01673102378845,0.6587677597999573,0.6587677597999573,0.9277108744087492
12,"[1, 81, 1, 177]",35.95736503601074,0.6824644804000854,0.6824644804000854,0.9879519386723494
12,"[1, 81, 1, 190]",31.83776307106018,0.6255924105644226,0.6255924105644226,0.8433735359647783
12,"[1, 225, 1, 177]",125.70614695549011,0.5971564054489136,0.5971564054489136,0.7710844103735275
12,"[1, 133, 1, 224]",58.36918830871582,0.6350710988044739,0.6350710988044739,0.8674699616702184
12,"[1, 81, 1, 190]",36.17907953262329,0.6018957495689392,0.6018957495689392,0.7831326232262475
12,"[1, 81, 1, 177]",35.28376889228821,0.6587677597999573,0.6587677597999573,0.9277108744087492
12,"[1, 81, 1, 177]",32.79214835166931,0.6113743782043457,0.6113743782043457,0.8072288974066182
12,"[1, 81, 1, 177]",36.05234932899475,0.6445497870445251,0.6445497870445251,0.8915663873756585
12,"[1, 133, 1, 190]",55.73303031921387,0.649289071559906,0.649289071559906,0.9036144487033091
13,"[1, 81, 1, 177]",35.88069462776184,0.6066350936889648,0.6066350936889648,0.33333346036948464
13,"[1, 81, 1, 177]",35.974814653396606,0.6350710988044739,0.6350710988044739,0.5151515382489972
13,"[1, 81, 1, 190]",36.0289089679718,0.649289071559906,0.649289071559906,0.6060603866345265
13,"[1, 81, 1, 177]",35.81455326080322,0.6919431090354919,0.6919431090354919,0.8787876940080224
13,"[1, 133, 1, 190]",53.494168281555176,0.6255924105644226,0.6255924105644226,0.45454538525300836
13,"[1, 133, 1, 190]",55.952125787734985,0.6540284156799316,0.6540284156799316,0.6363634631325209
13,"[1, 81, 1, 190]",44.015323877334595,0.7109004855155945,0.7109004855155945,1.0
13,"[1, 81, 1, 224]",35.41101670265198,0.5639810562133789,0.5639810562133789,0.060606152995988836
13,"[1, 81, 1, 177]",31.19285011291504,0.6303317546844482,0.6303317546844482,0.48484846175100277
13,"[1, 133, 1, 224]",60.09735083580017,0.6729857921600342,0.6729857921600342,0.7575757691244986
13,"[1, 81, 1, 177]",37.26468300819397,0.6777251362800598,0.6777251362800598,0.787878845622493
13,"[1, 225, 1, 177]",107.90595555305481,0.6303317546844482,0.6303317546844482,0.48484846175100277
13,"[1, 81, 1, 190]",36.68502974510193,0.6350710988044739,0.6350710988044739,0.5151515382489972
13,"[4, 133, 1, 177]",222.48014855384827,0.6398104429244995,0.6398104429244995,0.5454546147469916
13,"[1, 81, 1, 177]",37.037036418914795,0.6398104429244995,0.6398104429244995,0.5454546147469916
13,"[1, 81, 1, 177]",30.834392786026,0.5545023679733276,0.5545023679733276,0.0
14,"[1, 81, 1, 177]",36.970375537872314,0.6587677597999573,0.6587677597999573,0.799999698162109
14,"[1, 81, 1, 226]",36.87113285064697,0.6777251362800598,0.6777251362800598,0.9599999396324218
14,"[1, 81, 1, 177]",36.868475914001465,0.6113743782043457,0.6113743782043457,0.3999995975494788
14,"[1, 81, 1, 190]",36.55315089225769,0.6255924105644226,0.6255924105644226,0.5199997786522134
14,"[1, 133, 1, 190]",58.82690191268921,0.6635071039199829,0.6635071039199829,0.8399997585296872
14,"[1, 81, 1, 190]",28.18007254600525,0.5829383730888367,0.5829383730888367,0.1599997384071612
14,"[1, 81, 1, 177]",36.30228281021118,0.5876777172088623,0.5876777172088623,0.1999997987747394
14,"[1, 81, 1, 190]",35.85226345062256,0.620853066444397,0.620853066444397,0.47999971828463517
14,"[1, 81, 1, 177]",36.46628475189209,0.6540284156799316,0.6540284156799316,0.759999637794531
14,"[1, 81, 1, 177]",31.68002462387085,0.6824644804000854,0.6824644804000854,1.0
14,"[1, 133, 1, 190]",55.03576850891113,0.6255924105644226,0.6255924105644226,0.5199997786522134
14,"[1, 81, 1, 177]",36.449445724487305,0.6398104429244995,0.6398104429244995,0.6399999597549478
14,"[1, 81, 1, 190]",36.29721975326538,0.6587677597999573,0.6587677597999573,0.799999698162109
14,"[1, 81, 1, 224]",33.65859651565552,0.5639810562133789,0.5639810562133789,0.0
14,"[1, 81, 1, 190]",36.03387212753296,0.6540284156799316,0.6540284156799316,0.759999637794531
14,"[1, 81, 1, 190]",36.22065186500549,0.5924170613288879,0.5924170613288879,0.23999985914231758
15,"[1, 81, 1, 226]",36.29002571105957,0.5829383730888367,0.5829383730888367,0.0
15,"[1, 81, 1, 177]",35.4074923992157,0.620853066444397,0.620853066444397,0.2666666946146242
15,"[1, 73, 1, 226]",32.46415567398071,0.649289071559906,0.649289071559906,0.46666661077075156
15,"[1, 81, 1, 190]",36.45763111114502,0.6445497870445251,0.6445497870445251,0.4333336407608664
15,"[1, 81, 1, 177]",36.381898403167725,0.6398104429244995,0.6398104429244995,0.40000025153161795
15,"[1, 81, 1, 177]",36.337475538253784,0.6824644804000854,0.6824644804000854,0.7000003353754906
15,"[1, 133, 1, 226]",58.15448594093323,0.6729857921600342,0.6729857921600342,0.6333335569169938
15,"[1, 81, 1, 177]",36.23821806907654,0.6303317546844482,0.6303317546844482,0.33333347307312106
15,"[1, 81, 1, 190]",36.35990285873413,0.649289071559906,0.649289071559906,0.46666661077075156
15,"[1, 81, 1, 177]",36.334614276885986,0.6919431090354919,0.6919431090354919,0.7666666946146242
15,"[1, 81, 1, 190]",36.38982129096985,0.6635071039199829,0.6635071039199829,0.5666667784584969
15,"[1, 81, 1, 177]",33.56242108345032,0.6872037649154663,0.6872037649154663,0.7333333053853758
15,"[1, 99, 1, 226]",40.899277448654175,0.7014217972755432,0.7014217972755432,0.8333334730731211
15,"[1, 81, 1, 190]",29.675869703292847,0.5876777172088623,0.5876777172088623,0.03333338922924843
15,"[1, 81, 1, 190]",36.235832929611206,0.6966824531555176,0.6966824531555176,0.8000000838438727
15,"[1, 81, 1, 190]",36.36518144607544,0.7251184582710266,0.7251184582710266,1.0
16,"[1, 81, 1, 190]",36.21120095252991,0.6872037649154663,0.6872037649154663,1.0
16,"[4, 81, 1, 177]",125.84694075584412,0.6398104429244995,0.6398104429244995,0.7058825487703246
16,"[1, 81, 1, 177]",36.26440620422363,0.6303317546844482,0.6303317546844482,0.6470589105645888
16,"[1, 81, 3, 190]",37.89200448989868,0.5260663628578186,0.5260663628578186,0.0
16,"[1, 73, 1, 177]",32.930964946746826,0.6587677597999573,0.6587677597999573,0.8235294552822944
16,"[1, 73, 1, 97]",32.95670127868652,0.6018957495689392,0.6018957495689392,0.47058836584688307
16,"[1, 81, 1, 177]",34.08126783370972,0.5592417120933533,0.5592417120933533,0.2058823638205736
16,"[1, 81, 1, 190]",36.218788146972656,0.6350710988044739,0.6350710988044739,0.6764707296674567
16,"[1, 81, 1, 190]",34.103837966918945,0.5545023679733276,0.5545023679733276,0.17647054471770565
16,"[1, 73, 1, 190]",32.960787534713745,0.6255924105644226,0.6255924105644226,0.6176470914617208
16,"[1, 73, 1, 177]",33.0446138381958,0.6350710988044739,0.6350710988044739,0.6764707296674567
16,"[1, 81, 1, 177]",33.52480340003967,0.6255924105644226,0.6255924105644226,0.6176470914617208
16,"[1, 81, 1, 66]",36.29153084754944,0.6066350936889648,0.6066350936889648,0.500000184949751
16,"[1, 99, 1, 190]",41.73922657966614,0.6303317546844482,0.6303317546844482,0.6470589105645888
16,"[1, 81, 1, 177]",36.255457401275635,0.6872037649154663,0.6872037649154663,1.0
16,"[1, 81, 1, 177]",29.20277690887451,0.6066350936889648,0.6066350936889648,0.500000184949751
17,"[1, 73, 1, 190]",43.02991604804993,0.620853066444397,0.620853066444397,0.47999971828463517
17,"[2, 73, 1, 177]",59.83926820755005,0.5971564054489136,0.5971564054489136,0.2799999195098958
17,"[1, 73, 1, 190]",33.2053165435791,0.6587677597999573,0.6587677597999573,0.799999698162109
17,"[1, 81, 1, 177]",37.447654008865356,0.6161137223243713,0.6161137223243713,0.439999657917057
17,"[1, 73, 1, 190]",34.423139572143555,0.6729857921600342,0.6729857921600342,0.9199998792648436
17,"[1, 81, 1, 190]",37.3036413192749,0.6445497870445251,0.6445497870445251,0.680000020122526
17,"[1, 73, 1, 190]",34.20671272277832,0.6350710988044739,0.6350710988044739,0.5999998993873696
17,"[1, 81, 1, 190]",37.413543462753296,0.6777251362800598,0.6777251362800598,0.9599999396324218
17,"[1, 81, 1, 66]",37.05479574203491,0.5639810562133789,0.5639810562133789,0.0
17,"[1, 73, 1, 190]",30.069498300552368,0.6066350936889648,0.6066350936889648,0.3600000402450521
17,"[1, 73, 1, 177]",33.85974645614624,0.6587677597999573,0.6587677597999573,0.799999698162109
17,"[1, 81, 1, 177]",36.96128511428833,0.6303317546844482,0.6303317546844482,0.5599998390197916
17,"[1, 73, 1, 177]",33.8371422290802,0.6445497870445251,0.6445497870445251,0.680000020122526
17,"[1, 73, 1, 190]",33.890886068344116,0.6161137223243713,0.6161137223243713,0.439999657917057
17,"[1, 99, 1, 177]",42.551936626434326,0.6824644804000854,0.6824644804000854,1.0
17,"[1, 73, 1, 177]",33.147600173950195,0.6587677597999573,0.6587677597999573,0.799999698162109
18,"[1, 73, 1, 177]",34.23768877983093,0.578199028968811,0.578199028968811,0.0
18,"[1, 73, 1, 177]",30.358344316482544,0.578199028968811,0.578199028968811,0.0
18,"[1, 73, 1, 177]",33.38846182823181,0.6777251362800598,0.6777251362800598,1.0
18,"[1, 73, 1, 190]",33.410778760910034,0.6777251362800598,0.6777251362800598,1.0
18,"[4, 81, 1, 190]",116.45605969429016,0.5876777172088623,0.5876777172088623,0.09523820931133671
18,"[1, 81, 1, 177]",36.46392226219177,0.5876777172088623,0.5876777172088623,0.09523820931133671
18,"[1, 81, 1, 177]",36.27145481109619,0.6398104429244995,0.6398104429244995,0.6190477616391709
18,"[1, 107, 1, 177]",46.9151246547699,0.6682464480400085,0.6682464480400085,0.9047617906886632
18,"[1, 73, 1, 190]",33.215301275253296,0.6398104429244995,0.6398104429244995,0.6190477616391709
18,"[1, 99, 1, 177]",40.08271026611328,0.5924170613288879,0.5924170613288879,0.14285731396700505
18,"[1, 73, 1, 190]",28.246976852416992,0.5924170613288879,0.5924170613288879,0.14285731396700505
18,"[1, 73, 1, 190]",28.145996570587158,0.5876777172088623,0.5876777172088623,0.09523820931133671
18,"[1, 81, 1, 190]",36.31017589569092,0.6255924105644226,0.6255924105644226,0.47619044767216584
18,"[1, 73, 1, 205]",33.16692876815796,0.6066350936889648,0.6066350936889648,0.2857146279340101
18,"[1, 73, 1, 177]",33.09853529930115,0.6255924105644226,0.6255924105644226,0.47619044767216584
18,"[1, 73, 1, 190]",30.62924575805664,0.6350710988044739,0.6350710988044739,0.5714286569835025
19,"[3, 107, 1, 177]",110.40537571907043,0.5308057069778442,0.5308057069778442,0.0
19,"[1, 73, 1, 190]",33.099153995513916,0.7298578023910522,0.7298578023910522,1.0
19,"[1, 107, 1, 190]",34.62137508392334,0.620853066444397,0.620853066444397,0.45238086682597006
19,"[1, 73, 1, 190]",33.19579029083252,0.6398104429244995,0.6398104429244995,0.54761913317403
19,"[1, 107, 1, 177]",47.34629249572754,0.6066350936889648,0.6066350936889648,0.3809524665073633
19,"[1, 73, 1, 177]",32.95339608192444,0.6682464480400085,0.6682464480400085,0.6904762332536817
19,"[1, 73, 1, 190]",33.039480686187744,0.5829383730888367,0.5829383730888367,0.2619046335722884
19,"[1, 73, 1, 190]",32.28547143936157,0.649289071559906,0.649289071559906,0.5952379669056217
19,"[1, 107, 1, 177]",46.95971655845642,0.649289071559906,0.649289071559906,0.5952379669056217
19,"[1, 73, 1, 190]",33.150845527648926,0.5687204003334045,0.5687204003334045,0.19047623325368165
19,"[1, 73, 1, 190]",26.222540378570557,0.6398104429244995,0.6398104429244995,0.54761913317403
19,"[1, 107, 1, 177]",36.05378031730652,0.620853066444397,0.620853066444397,0.45238086682597006
19,"[1, 73, 1, 190]",32.956093549728394,0.6777251362800598,0.6777251362800598,0.7380953664277116
19,"[1, 73, 1, 177]",32.823718786239624,0.5734597444534302,0.5734597444534302,0.21428579984069662
19,"[1, 73, 1, 177]",32.88946747779846,0.6777251362800598,0.6777251362800598,0.7380953664277116
19,"[1, 107, 1, 177]",47.07516074180603,0.7014217972755432,0.7014217972755432,0.8571428999203483
20,"[1, 73, 1, 190]",33.075804233551025,0.620853066444397,0.620853066444397,0.3999998323122547
20,"[1, 73, 1, 190]",32.99468445777893,0.6919431090354919,0.6919431090354919,0.8999998323122547
20,"[1, 107, 1, 190]",36.148842334747314,0.5639810562133789,0.5639810562133789,0.0
20,"[1, 73, 1, 177]",32.815704584121704,0.6445497870445251,0.6445497870445251,0.5666667784584969
20,"[3, 73, 1, 177]",89.9201226234436,0.6161137223243713,0.6161137223243713,0.3666664430830063
20,"[1, 73, 1, 190]",24.342130661010742,0.5829383730888367,0.5829383730888367,0.1333331376976305
20,"[1, 73, 1, 190]",33.02415657043457,0.649289071559906,0.649289071559906,0.5999997484683821
20,"[1, 73, 1, 190]",32.97594451904297,0.6919431090354919,0.6919431090354919,0.8999998323122547
20,"[1, 107, 1, 177]",39.04987668991089,0.5876777172088623,0.5876777172088623,0.16666652692687892
20,"[1, 107, 1, 177]",45.28164052963257,0.6398104429244995,0.6398104429244995,0.5333333892292484
20,"[1, 73, 1, 177]",33.020939350128174,0.6066350936889648,0.6066350936889648,0.30000008384387267
20,"[1, 73, 1, 177]",32.85321307182312,0.6682464480400085,0.6682464480400085,0.7333333053853758
20,"[1, 73, 1, 177]",32.97635889053345,0.7061611413955688,0.7061611413955688,1.0
20,"[1, 73, 1, 177]",33.11465549468994,0.6161137223243713,0.6161137223243713,0.3666664430830063
20,"[1, 73, 1, 190]",27.35592532157898,0.6113743782043457,0.6113743782043457,0.33333305385375783
20,"[1, 73, 1, 190]",32.91114854812622,0.6350710988044739,0.6350710988044739,0.5
21,"[1, 73, 1, 177]",32.97614359855652,0.649289071559906,0.649289071559906,0.6170211968890358
21,"[1, 73, 1, 190]",32.72547769546509,0.5971564054489136,0.5971564054489136,0.3829788031109642
21,"[1, 73, 1, 177]",32.83011436462402,0.7345971465110779,0.7345971465110779,1.0
21,"[1, 73, 3, 177]",34.61375284194946,0.5118483304977417,0.5118483304977417,0.0
21,"[1, 73, 1, 177]",32.730796337127686,0.620853066444397,0.620853066444397,0.48936168504765054
21,"[1, 73, 1, 177]",43.7235004901886,0.5971564054489136,0.5971564054489136,0.3829788031109642
21,"[1, 73, 1, 190]",34.777849197387695,0.6824644804000854,0.6824644804000854,0.7659576062219284
21,"[1, 73, 1, 177]",31.49750518798828,0.5971564054489136,0.5971564054489136,0.3829788031109642
21,"[1, 73, 1, 190]",34.48024821281433,0.5734597444534302,0.5734597444534302,0.27659592117427795
21,"[1, 73, 1, 190]",26.287837266921997,0.578199028968811,0.578199028968811,0.2978722834921684
21,"[3, 73, 1, 177]",73.96440029144287,0.5924170613288879,0.5924170613288879,0.3617021732062653
21,"[1, 73, 1, 190]",34.27694082260132,0.6303317546844482,0.6303317546844482,0.5319149448570485
21,"[1, 107, 1, 190]",48.92447876930237,0.6161137223243713,0.6161137223243713,0.46808505514295157
21,"[1, 73, 1, 177]",34.33828926086426,0.6066350936889648,0.6066350936889648,0.42553206292036216
21,"[1, 73, 3, 177]",36.085968017578125,0.5734597444534302,0.5734597444534302,0.27659592117427795
21,"[1, 73, 1, 177]",34.25845789909363,0.649289071559906,0.649289071559906,0.6170211968890358
22,"[1, 73, 1, 177]",34.282341718673706,0.6350710988044739,0.6350710988044739,0.43749990174547204
22,"[1, 73, 1, 190]",34.06348180770874,0.6398104429244995,0.6398104429244995,0.468749950872736
22,"[1, 73, 1, 190]",34.172237157821655,0.7203791737556458,0.7203791737556458,1.0
22,"[1, 73, 1, 177]",34.00734281539917,0.6872037649154663,0.6872037649154663,0.7812496561091521
22,"[1, 73, 1, 190]",34.00891733169556,0.6303317546844482,0.6303317546844482,0.40624985261820806
22,"[1, 160, 1, 190]",76.20443987846375,0.6824644804000854,0.6824644804000854,0.75
22,"[1, 73, 1, 190]",33.982842206954956,0.6635071039199829,0.6635071039199829,0.6249998034909441
22,"[1, 73, 1, 190]",33.93919086456299,0.6113743782043457,0.6113743782043457,0.28124965610915215
22,"[1, 73, 1, 177]",26.401200771331787,0.5687204003334045,0.5687204003334045,0.0
22,"[1, 73, 1, 177]",33.63262319564819,0.6777251362800598,0.6777251362800598,0.718749950872736
22,"[1, 73, 1, 177]",31.639076709747314,0.6540284156799316,0.6540284156799316,0.5624997052364161
22,"[1, 73, 1, 177]",33.49136447906494,0.6635071039199829,0.6635071039199829,0.6249998034909441
22,"[1, 73, 1, 177]",33.323277950286865,0.6635071039199829,0.6635071039199829,0.6249998034909441
22,"[1, 73, 1, 190]",30.182512283325195,0.5876777172088623,0.5876777172088623,0.12499980349094407
22,"[1, 73, 1, 177]",33.30011582374573,0.6635071039199829,0.6635071039199829,0.6249998034909441
22,"[1, 73, 1, 190]",31.47632670402527,0.6682464480400085,0.6682464480400085,0.656249852618208
23,"[1, 73, 1, 190]",33.209914684295654,0.6587677597999573,0.6587677597999573,0.59374975436368
23,"[1, 73, 1, 177]",33.11559820175171,0.6587677597999573,0.6587677597999573,0.59374975436368
23,"[1, 73, 1, 177]",33.274335861206055,0.6824644804000854,0.6824644804000854,0.75
23,"[1, 73, 1, 177]",33.16483926773071,0.6635071039199829,0.6635071039199829,0.6249998034909441
23,"[1, 237, 1, 190]",106.70024681091309,0.6350710988044739,0.6350710988044739,0.43749990174547204
23,"[1, 73, 1, 190]",33.15339660644531,0.6445497870445251,0.6445497870445251,0.5
23,"[1, 73, 1, 177]",33.06535315513611,0.6398104429244995,0.6398104429244995,0.468749950872736
23,"[1, 73, 1, 190]",33.03337001800537,0.7203791737556458,0.7203791737556458,1.0
23,"[1, 73, 1, 190]",29.31485080718994,0.5876777172088623,0.5876777172088623,0.12499980349094407
23,"[1, 73, 1, 177]",32.956923723220825,0.6445497870445251,0.6445497870445251,0.5
23,"[1, 73, 1, 177]",32.343356132507324,0.6018957495689392,0.6018957495689392,0.21874995087273602
23,"[1, 160, 1, 190]",69.78310799598694,0.6540284156799316,0.6540284156799316,0.5624997052364161
23,"[1, 73, 1, 177]",25.62955069541931,0.5687204003334045,0.5687204003334045,0.0
23,"[1, 73, 1, 177]",33.18275690078735,0.6966824531555176,0.6966824531555176,0.84374975436368
23,"[1, 73, 1, 177]",33.05259418487549,0.6303317546844482,0.6303317546844482,0.40624985261820806
23,"[1, 73, 1, 177]",32.908111810684204,0.6682464480400085,0.6682464480400085,0.656249852618208
24,"[1, 73, 1, 177]",33.203574895858765,0.6635071039199829,0.6635071039199829,0.7083333988363519
24,"[1, 73, 1, 177]",33.27090239524841,0.6635071039199829,0.6635071039199829,0.7083333988363519
24,"[1, 73, 1, 177]",33.009371757507324,0.6966824531555176,0.6966824531555176,1.0
24,"[1, 73, 1, 177]",32.86461329460144,0.5829383730888367,0.5829383730888367,0.0
24,"[1, 73, 1, 190]",32.94714903831482,0.6445497870445251,0.6445497870445251,0.5416669941817599
24,"[1, 73, 1, 190]",32.92014002799988,0.6587677597999573,0.6587677597999573,0.6666666666666666
24,"[1, 73, 1, 177]",33.149078369140625,0.6113743782043457,0.6113743782043457,0.2499998689939627
24,"[1, 73, 1, 190]",33.181899309158325,0.6682464480400085,0.6682464480400085,0.7500001310060372
24,"[1, 73, 1, 177]",32.90501260757446,0.6350710988044739,0.6350710988044739,0.45833352984238923
24,"[1, 73, 1, 177]",33.03141117095947,0.6445497870445251,0.6445497870445251,0.5416669941817599
24,"[1, 73, 1, 190]",29.226413011550903,0.6398104429244995,0.6398104429244995,0.5000002620120746
24,"[2, 73, 1, 177]",61.17466330528259,0.6445497870445251,0.6445497870445251,0.5416669941817599
24,"[1, 73, 1, 190]",32.76864242553711,0.6540284156799316,0.6540284156799316,0.6249999344969813
24,"[1, 153, 1, 190]",75.5713324546814,0.6872037649154663,0.6872037649154663,0.9166665356606294
24,"[1, 73, 1, 177]",33.28477382659912,0.5924170613288879,0.5924170613288879,0.08333346433937061
24,"[1, 237, 1, 177]",135.72103786468506,0.6872037649154663,0.6872037649154663,0.9166665356606294
25,"[1, 117, 1, 190]",39.12007546424866,0.620853066444397,0.620853066444397,0.3913044429231035
25,"[1, 237, 1, 177]",103.68239188194275,0.6729857921600342,0.6729857921600342,0.8695655502308622
25,"[1, 237, 1, 190]",122.82659268379211,0.6777251362800598,0.6777251362800598,0.9130438824231899
25,"[1, 73, 1, 177]",31.427720069885254,0.6872037649154663,0.6872037649154663,1.0
25,"[1, 73, 1, 190]",33.364460945129395,0.6350710988044739,0.6350710988044739,0.5217394395000864
25,"[1, 73, 1, 177]",33.15101647377014,0.6540284156799316,0.6540284156799316,0.6956522214615517
25,"[1, 73, 1, 190]",32.970884561538696,0.6587677597999573,0.6587677597999573,0.7391305536538794
25,"[2, 108, 1, 177]",89.41821789741516,0.6729857921600342,0.6729857921600342,0.8695655502308622
25,"[1, 73, 1, 177]",33.00263595581055,0.6303317546844482,0.6303317546844482,0.4782611073077588
25,"[1, 73, 1, 177]",33.220829010009766,0.5924170613288879,0.5924170613288879,0.13043499657698288
25,"[1, 73, 1, 190]",33.325459003448486,0.6824644804000854,0.6824644804000854,0.9565222146155176
25,"[1, 73, 1, 177]",33.31067991256714,0.6066350936889648,0.6066350936889648,0.26086999315396575
25,"[1, 73, 1, 190]",33.136176347732544,0.6777251362800598,0.6777251362800598,0.9130438824231899
25,"[2, 73, 1, 177]",61.232749223709106,0.6682464480400085,0.6682464480400085,0.8260872180385347
25,"[1, 73, 1, 177]",33.125160455703735,0.6445497870445251,0.6445497870445251,0.6086961038847416
25,"[1, 73, 1, 177]",33.201196908950806,0.578199028968811,0.578199028968811,0.0
26,"[1, 237, 1, 190]",114.31734037399292,0.7014217972755432,0.7014217972755432,1.0
26,"[2, 108, 1, 190]",75.87383317947388,0.6161137223243713,0.6161137223243713,0.5714285286510931
26,"[1, 73, 1, 190]",33.35124397277832,0.6350710988044739,0.6350710988044739,0.6666667664807828
26,"[1, 73, 1, 190]",33.136932373046875,0.6161137223243713,0.6161137223243713,0.5714285286510931
26,"[1, 73, 1, 190]",33.070374965667725,0.6113743782043457,0.6113743782043457,0.5476189691936706
26,"[4, 73, 1, 177]",116.48856663703918,0.6587677597999573,0.6587677597999573,0.7857142643255466
26,"[1, 73, 1, 177]",27.653693199157715,0.6303317546844482,0.6303317546844482,0.6428572070233604
26,"[1, 73, 1, 190]",46.99418878555298,0.6587677597999573,0.6587677597999573,0.7857142643255466
26,"[1, 73, 1, 190]",22.365731477737427,0.5023696422576904,0.5023696422576904,0.0
26,"[1, 117, 1, 190]",53.08187556266785,0.6777251362800598,0.6777251362800598,0.8809525021552363
26,"[1, 237, 1, 177]",112.45791983604431,0.6682464480400085,0.6682464480400085,0.8333333832403914
26,"[1, 73, 1, 190]",29.920409440994263,0.5829383730888367,0.5829383730888367,0.40476191189148447
26,"[1, 73, 1, 190]",35.26833891868591,0.6350710988044739,0.6350710988044739,0.6666667664807828
26,"[1, 73, 1, 177]",35.11109805107117,0.6255924105644226,0.6255924105644226,0.619047647565938
26,"[1, 117, 1, 190]",52.778316020965576,0.6919431090354919,0.6919431090354919,0.9523808810851551
26,"[4, 73, 1, 177]",101.81034421920776,0.578199028968811,0.578199028968811,0.38095235243406206
27,"[1, 117, 1, 190]",52.588786363601685,0.5971564054489136,0.5971564054489136,0.35135126867112443
27,"[1, 117, 1, 190]",49.43510580062866,0.6635071039199829,0.6635071039199829,0.7297296103027353
27,"[1, 237, 1, 177]",138.95661759376526,0.6777251362800598,0.6777251362800598,0.8108108291841946
27,"[1, 73, 1, 190]",34.830612897872925,0.7109004855155945,0.7109004855155945,1.0
27,"[4, 73, 1, 190]",119.54180121421814,0.5734597444534302,0.5734597444534302,0.21621624377629187
27,"[1, 73, 1, 190]",34.65690898895264,0.6113743782043457,0.6113743782043457,0.43243214764498417
27,"[2, 73, 1, 177]",62.776793003082275,0.6303317546844482,0.6303317546844482,0.5405404394869299
27,"[4, 73, 1, 190]",119.2825813293457,0.6113743782043457,0.6113743782043457,0.43243214764498417
27,"[1, 73, 1, 177]",33.565123081207275,0.6113743782043457,0.6113743782043457,0.43243214764498417
27,"[1, 117, 1, 190]",51.82039833068848,0.6066350936889648,0.6066350936889648,0.4054054145920973
27,"[1, 237, 1, 177]",137.59528303146362,0.6919431090354919,0.6919431090354919,0.8918917081580543
27,"[1, 117, 1, 190]",51.61410212516785,0.6587677597999573,0.6587677597999573,0.7027025373422489
27,"[1, 237, 1, 190]",123.96816897392273,0.6066350936889648,0.6066350936889648,0.4054054145920973
27,"[4, 73, 1, 190]",111.4769492149353,0.6066350936889648,0.6066350936889648,0.4054054145920973
27,"[1, 117, 1, 190]",51.14639639854431,0.6161137223243713,0.6161137223243713,0.4594592206054706
27,"[2, 108, 1, 177]",83.35511612892151,0.5355450510978699,0.5355450510978699,0.0
28,"[1, 73, 1, 190]",33.6507830619812,0.6635071039199829,0.6635071039199829,0.8924730862891957
28,"[1, 117, 1, 177]",50.85533857345581,0.7014217972755432,0.7014217972755432,0.9784945902114319
28,"[1, 73, 1, 177]",28.371150255203247,0.5402843356132507,0.5402843356132507,0.6129031647339191
28,"[1, 73, 1, 177]",33.49783778190613,0.620853066444397,0.620853066444397,0.7956988774726755
28,"[1, 232, 1, 190]",112.99696207046509,0.7061611413955688,0.7061611413955688,0.989247295105716
28,"[1, 117, 1, 190]",51.00907850265503,0.7109004855155945,0.7109004855155945,1.0
28,"[1, 117, 1, 190]",38.08502411842346,0.5734597444534302,0.5734597444534302,0.6881720989939074
28,"[1, 73, 1, 177]",33.27217173576355,0.5639810562133789,0.5639810562133789,0.6666666892053393
28,"[1, 237, 5, 190]",141.748637676239,0.27014216780662537,0.27014216780662537,0.0
28,"[1, 117, 1, 190]",51.113460540771484,0.6824644804000854,0.6824644804000854,0.9354839058663319
28,"[1, 117, 1, 190]",50.597981691360474,0.6966824531555176,0.6966824531555176,0.9677418853171479
28,"[1, 73, 1, 190]",33.395766496658325,0.6587677597999573,0.6587677597999573,0.8817203813949117
28,"[1, 237, 1, 190]",128.00978684425354,0.6682464480400085,0.6682464480400085,0.9032257911834798
28,"[1, 117, 1, 190]",42.112348794937134,0.6303317546844482,0.6303317546844482,0.8172042872612436
28,"[1, 73, 5, 177]",37.31134366989136,0.44075828790664673,0.44075828790664673,0.3870967676500628
28,"[1, 117, 1, 177]",50.99468016624451,0.7061611413955688,0.7061611413955688,0.989247295105716
29,"[1, 232, 1, 177]",127.88117861747742,0.6777251362800598,0.6777251362800598,0.9866666465441406
29,"[1, 232, 1, 190]",103.23675751686096,0.649289071559906,0.649289071559906,0.9066665258089842
29,"[1, 73, 1, 190]",26.520877838134766,0.6635071039199829,0.6635071039199829,0.9466665861765624
29,"[1, 73, 1, 190]",33.3932900428772,0.620853066444397,0.620853066444397,0.8266665727615451
29,"[1, 117, 1, 190]",50.91814708709717,0.6398104429244995,0.6398104429244995,0.8799999865849826
29,"[1, 232, 1, 177]",102.94236636161804,0.6540284156799316,0.6540284156799316,0.9199998792648436
29,"[1, 73, 1, 190]",33.309335708618164,0.6161137223243713,0.6161137223243713,0.8133332193056857
29,"[1, 73, 1, 190]",33.225953578948975,0.6066350936889648,0.6066350936889648,0.786666680081684
29,"[1, 117, 1, 177]",51.09579849243164,0.6635071039199829,0.6635071039199829,0.9466665861765624
29,"[1, 237, 1, 190]",107.18589687347412,0.6350710988044739,0.6350710988044739,0.8666666331291232
29,"[1, 117, 5, 177]",54.0850613117218,0.379146933555603,0.379146933555603,0.14666672032673617
29,"[1, 73, 5, 177]",37.39687371253967,0.3270142078399658,0.3270142078399658,0.0
29,"[1, 214, 1, 177]",114.86508560180664,0.6824644804000854,0.6824644804000854,1.0
29,"[1, 117, 1, 177]",48.80697417259216,0.6303317546844482,0.6303317546844482,0.8533332796732639
29,"[1, 117, 1, 190]",36.272701025009155,0.6066350936889648,0.6066350936889648,0.786666680081684
29,"[1, 136, 1, 190]",49.92652153968811,0.6398104429244995,0.6398104429244995,0.8799999865849826
30,"[1, 117, 1, 190]",42.16733431816101,0.6066350936889648,0.6066350936889648,0.22222226103883264
30,"[1, 232, 1, 99]",120.5074713230133,0.6161137223243713,0.6161137223243713,0.2777775642864205
30,"[1, 73, 1, 190]",33.12865853309631,0.6587677597999573,0.6587677597999573,0.5277776516237939
30,"[1, 232, 1, 190]",90.06701016426086,0.6255924105644226,0.6255924105644226,0.3333332168835021
30,"[1, 117, 1, 177]",49.02035331726074,0.6824644804000854,0.6824644804000854,0.666666783116498
30,"[1, 232, 1, 190]",127.9785840511322,0.6587677597999573,0.6587677597999573,0.5277776516237939
30,"[1, 73, 1, 190]",33.38407015800476,0.6919431090354919,0.6919431090354919,0.7222220863640858
30,"[1, 232, 1, 177]",98.49732995033264,0.5687204003334045,0.5687204003334045,0.0
30,"[1, 73, 1, 177]",30.81246781349182,0.5829383730888367,0.5829383730888367,0.08333312954612863
30,"[1, 232, 1, 190]",123.57613039016724,0.6540284156799316,0.6540284156799316,0.4999998253252531
30,"[1, 232, 1, 190]",120.91618371009827,0.7014217972755432,0.7014217972755432,0.7777777389611673
30,"[1, 232, 1, 190]",123.18165802955627,0.6824644804000854,0.6824644804000854,0.666666783116498
30,"[1, 117, 1, 190]",36.41046667098999,0.5924170613288879,0.5924170613288879,0.13888878214321024
30,"[1, 73, 1, 177]",33.335566997528076,0.6966824531555176,0.6966824531555176,0.7499999126626266
30,"[1, 232, 1, 190]",121.67083311080933,0.6635071039199829,0.6635071039199829,0.5555554779223347
30,"[1, 73, 1, 190]",33.322436809539795,0.7393364906311035,0.7393364906311035,1.0
31,"[1, 73, 1, 190]",33.396642446517944,0.6729857921600342,0.6729857921600342,0.812500098254528
31,"[1, 232, 1, 190]",114.059885263443,0.620853066444397,0.620853066444397,0.468749950872736
31,"[1, 73, 1, 190]",33.39098930358887,0.6540284156799316,0.6540284156799316,0.687499901745472
31,"[1, 232, 1, 190]",86.22638177871704,0.5734597444534302,0.5734597444534302,0.1562502456363199
31,"[1, 232, 1, 190]",116.78755140304565,0.6066350936889648,0.6066350936889648,0.3750001965090559
31,"[1, 73, 1, 190]",27.229798078536987,0.6066350936889648,0.6066350936889648,0.3750001965090559
31,"[1, 73, 1, 190]",33.41892147064209,0.6018957495689392,0.6018957495689392,0.34375014738179194
31,"[1, 117, 1, 190]",47.43451523780823,0.6018957495689392,0.6018957495689392,0.34375014738179194
31,"[1, 232, 1, 190]",75.66253447532654,0.549763023853302,0.549763023853302,0.0
31,"[1, 232, 1, 177]",129.73504209518433,0.6587677597999573,0.6587677597999573,0.718749950872736
31,"[1, 232, 1, 190]",129.33719444274902,0.6255924105644226,0.6255924105644226,0.5
31,"[1, 73, 1, 190]",24.573870420455933,0.549763023853302,0.549763023853302,0.0
31,"[1, 73, 1, 190]",32.78746461868286,0.620853066444397,0.620853066444397,0.468749950872736
31,"[1, 232, 1, 190]",106.55486011505127,0.649289071559906,0.649289071559906,0.656249852618208
31,"[1, 232, 1, 190]",129.12746930122375,0.6729857921600342,0.6729857921600342,0.812500098254528
31,"[1, 73, 1, 190]",33.39213252067566,0.7014217972755432,0.7014217972755432,1.0
32,"[1, 73, 1, 190]",30.35394787788391,0.6066350936889648,0.6066350936889648,0.0
32,"[1, 73, 1, 190]",33.40871047973633,0.6445497870445251,0.6445497870445251,0.3200001408577533
32,"[1, 232, 1, 190]",129.35030007362366,0.7251184582710266,0.7251184582710266,1.0
32,"[1, 232, 1, 190]",106.9336416721344,0.6682464480400085,0.6682464480400085,0.5200000402450724
32,"[1, 73, 1, 177]",49.386834144592285,0.6635071039199829,0.6635071039199829,0.47999995975492765
32,"[1, 232, 1, 190]",81.12892723083496,0.6303317546844482,0.6303317546844482,0.19999989938731907
32,"[1, 73, 1, 190]",35.727179288864136,0.6824644804000854,0.6824644804000854,0.6400002817155066
32,"[1, 232, 1, 190]",135.81138467788696,0.7061611413955688,0.7061611413955688,0.8400001811028257
32,"[1, 73, 1, 190]",35.604185342788696,0.6398104429244995,0.6398104429244995,0.28000006036760855
32,"[1, 232, 2, 190]",134.3706512451172,0.620853066444397,0.620853066444397,0.11999973840702961
32,"[1, 73, 1, 190]",36.03568625450134,0.6398104429244995,0.6398104429244995,0.28000006036760855
32,"[1, 232, 1, 177]",137.81503534317017,0.6161137223243713,0.6161137223243713,0.07999965791688488
32,"[1, 73, 1, 190]",35.35838508605957,0.6872037649154663,0.6872037649154663,0.6799998591422467
32,"[1, 73, 1, 177]",35.168800354003906,0.6682464480400085,0.6682464480400085,0.5200000402450724
32,"[1, 73, 1, 190]",35.2924280166626,0.6113743782043457,0.6113743782043457,0.03999957742674013
32,"[1, 232, 1, 190]",121.91525888442993,0.6350710988044739,0.6350710988044739,0.23999997987746383
33,"[1, 73, 1, 190]",31.213340997695923,0.620853066444397,0.620853066444397,0.5277776516237939
33,"[1, 232, 1, 177]",132.7191641330719,0.7014217972755432,0.7014217972755432,1.0
33,"[1, 232, 1, 190]",132.9321641921997,0.5971564054489136,0.5971564054489136,0.38888886948058365
33,"[1, 73, 1, 177]",35.020833253860474,0.578199028968811,0.578199028968811,0.2777775642864205
33,"[1, 232, 1, 177]",101.31757760047913,0.6729857921600342,0.6729857921600342,0.8333333915582489
33,"[1, 232, 4, 190]",135.34769225120544,0.5308057069778442,0.5308057069778442,0.0
33,"[1, 232, 1, 190]",96.06496286392212,0.620853066444397,0.620853066444397,0.5277776516237939
33,"[1, 73, 1, 190]",35.27196502685547,0.6350710988044739,0.6350710988044739,0.6111111305194163
33,"[1, 73, 1, 190]",34.74125552177429,0.6113743782043457,0.6113743782043457,0.4722219990267123
33,"[1, 73, 1, 58]",34.45484972000122,0.549763023853302,0.549763023853302,0.11111095584466943
33,"[1, 232, 1, 190]",132.15179800987244,0.6872037649154663,0.6872037649154663,0.9166665211043776
33,"[1, 232, 1, 190]",114.0099949836731,0.6161137223243713,0.6161137223243713,0.4999998253252531
33,"[1, 232, 1, 190]",132.07199454307556,0.649289071559906,0.649289071559906,0.6944442600655449
33,"[1, 73, 1, 190]",34.68769550323486,0.7014217972755432,0.7014217972755432,1.0
33,"[1, 73, 1, 190]",30.68282175064087,0.5924170613288879,0.5924170613288879,0.3611110431820429
33,"[1, 73, 1, 177]",34.39558386802673,0.649289071559906,0.649289071559906,0.6944442600655449
34,"[1, 232, 1, 177]",132.0013017654419,0.6729857921600342,0.6729857921600342,0.9230768114504906
34,"[1, 73, 1, 177]",34.050341844558716,0.6350710988044739,0.6350710988044739,0.6153845409669937
34,"[1, 73, 1, 190]",34.05686902999878,0.5592417120933533,0.5592417120933533,0.0
34,"[1, 232, 1, 177]",131.4172613620758,0.6303317546844482,0.6303317546844482,0.5769229466922391
34,"[1, 73, 1, 190]",33.87677836418152,0.649289071559906,0.649289071559906,0.7307688400767172
34,"[1, 232, 1, 177]",125.69202971458435,0.6682464480400085,0.6682464480400085,0.8846152171757359
34,"[1, 232, 1, 177]",94.81146240234375,0.6161137223243713,0.6161137223243713,0.46153816386797497
34,"[1, 232, 1, 190]",128.23248839378357,0.6729857921600342,0.6729857921600342,0.9230768114504906
34,"[1, 73, 1, 190]",25.38284683227539,0.6018957495689392,0.6018957495689392,0.34615386475825155
34,"[1, 232, 1, 190]",115.3010196685791,0.6729857921600342,0.6729857921600342,0.9230768114504906
34,"[1, 232, 1, 177]",112.91922640800476,0.620853066444397,0.620853066444397,0.4999997581427296
34,"[1, 73, 1, 190]",28.11531114578247,0.6350710988044739,0.6350710988044739,0.6153845409669937
34,"[1, 232, 1, 190]",97.30825877189636,0.5971564054489136,0.5971564054489136,0.30769227048349684
34,"[1, 73, 1, 190]",33.634033203125,0.6398104429244995,0.6398104429244995,0.6538461352417484
34,"[1, 232, 1, 177]",117.62191677093506,0.6587677597999573,0.6587677597999573,0.8076920286262265
34,"[1, 73, 1, 177]",34.17322325706482,0.6824644804000854,0.6824644804000854,1.0
35,"[1, 232, 1, 177]",130.5024356842041,0.7109004855155945,0.7109004855155945,1.0
35,"[1, 232, 1, 190]",84.41017532348633,0.5592417120933533,0.5592417120933533,0.6049382792724154
35,"[1, 232, 1, 177]",107.23130702972412,0.7061611413955688,0.7061611413955688,0.9876543018189615
35,"[1, 232, 1, 177]",135.14705276489258,0.6635071039199829,0.6635071039199829,0.876543173456027
35,"[1, 232, 1, 177]",109.81467461585999,0.649289071559906,0.649289071559906,0.8395060789129115
35,"[1, 232, 1, 177]",132.9478645324707,0.6113743782043457,0.6113743782043457,0.7407406487310154
35,"[1, 232, 1, 177]",130.37384247779846,0.6872037649154663,0.6872037649154663,0.9382715090948077
35,"[1, 73, 1, 177]",33.38420796394348,0.6303317546844482,0.6303317546844482,0.7901234414551692
35,"[1, 232, 1, 177]",117.102872133255,0.6540284156799316,0.6540284156799316,0.85185177709395
35,"[4, 73, 1, 190]",91.20620846748352,0.5687204003334045,0.5687204003334045,0.6296296756344923
35,"[1, 73, 1, 190]",33.621360063552856,0.649289071559906,0.649289071559906,0.8395060789129115
35,"[1, 73, 5, 177]",37.61563324928284,0.3270142078399658,0.3270142078399658,0.0
35,"[1, 73, 1, 177]",33.36789393424988,0.6303317546844482,0.6303317546844482,0.7901234414551692
35,"[1, 73, 1, 190]",33.50334405899048,0.6303317546844482,0.6303317546844482,0.7901234414551692
35,"[1, 232, 1, 190]",102.0598783493042,0.6113743782043457,0.6113743782043457,0.7407406487310154
35,"[1, 73, 1, 177]",33.57682228088379,0.6824644804000854,0.6824644804000854,0.9259259661801807
36,"[1, 73, 1, 177]",33.51926350593567,0.6872037649154663,0.6872037649154663,1.0
36,"[1, 232, 1, 177]",89.33646702766418,0.5592417120933533,0.5592417120933533,0.06896563687592508
36,"[1, 73, 1, 177]",33.38422179222107,0.6255924105644226,0.6255924105644226,0.5517242276569438
36,"[1, 175, 1, 190]",75.02842617034912,0.6398104429244995,0.6398104429244995,0.6551726829708314
36,"[1, 232, 1, 190]",99.19422388076782,0.549763023853302,0.549763023853302,0.0
36,"[1, 232, 1, 177]",114.56819295883179,0.620853066444397,0.620853066444397,0.5172414092189813
36,"[1, 232, 1, 177]",124.78849959373474,0.6018957495689392,0.6018957495689392,0.37931056914235955
36,"[1, 232, 1, 177]",112.34179449081421,0.649289071559906,0.649289071559906,0.7241378861715281
36,"[3, 232, 1, 177]",423.43018865585327,0.6066350936889648,0.6066350936889648,0.4137933875803221
36,"[1, 232, 3, 177]",136.372150182724,0.6113743782043457,0.6113743782043457,0.4482757723430562
36,"[1, 232, 1, 190]",127.70536208152771,0.6540284156799316,0.6540284156799316,0.7586207046094906
36,"[1, 232, 1, 177]",81.52168917655945,0.5876777172088623,0.5876777172088623,0.2758621138284719
36,"[1, 232, 1, 177]",86.88259935379028,0.5734597444534302,0.5734597444534302,0.1724140921898127
36,"[1, 73, 1, 177]",33.640026569366455,0.6445497870445251,0.6445497870445251,0.689655501408794
36,"[1, 232, 1, 177]",130.3820517063141,0.649289071559906,0.649289071559906,0.7241378861715281
36,"[1, 232, 1, 190]",130.25652170181274,0.6350710988044739,0.6350710988044739,0.6206898645328689
37,"[1, 232, 1, 177]",96.78798270225525,0.5734597444534302,0.5734597444534302,0.26190485458929835
37,"[1, 232, 1, 190]",102.04092693328857,0.521327018737793,0.521327018737793,0.0
37,"[1, 73, 1, 190]",33.68697953224182,0.6587677597999573,0.6587677597999573,0.6904760264958568
37,"[1, 232, 1, 177]",114.68867540359497,0.649289071559906,0.649289071559906,0.6428569075810119
37,"[3, 232, 1, 177]",345.15523171424866,0.6018957495689392,0.6018957495689392,0.40476191189148447
37,"[1, 102, 1, 177]",32.417624950408936,0.5876777172088623,0.5876777172088623,0.3333332335192172
37,"[1, 175, 1, 190]",84.00159025192261,0.6729857921600342,0.6729857921600342,0.7619047048681241
37,"[1, 232, 1, 177]",84.29571747779846,0.5734597444534302,0.5734597444534302,0.26190485458929835
37,"[1, 232, 1, 177]",114.98029041290283,0.7156398296356201,0.7156398296356201,0.9761904405425775
37,"[1, 73, 1, 177]",32.288840532302856,0.6398104429244995,0.6398104429244995,0.5952380881085155
37,"[3, 232, 1, 190]",440.9667932987213,0.6350710988044739,0.6350710988044739,0.5714285286510931
37,"[1, 232, 1, 190]",105.47055578231812,0.6682464480400085,0.6682464480400085,0.7380951454107016
37,"[1, 73, 1, 177]",33.860315561294556,0.7203791737556458,0.7203791737556458,1.0
37,"[1, 73, 1, 177]",33.6093635559082,0.6777251362800598,0.6777251362800598,0.7857142643255466
37,"[1, 232, 1, 177]",115.51722812652588,0.6635071039199829,0.6635071039199829,0.7142855859532792
37,"[1, 232, 1, 190]",118.07040619850159,0.6445497870445251,0.6445497870445251,0.619047647565938
38,"[1, 73, 1, 177]",33.56978416442871,0.620853066444397,0.620853066444397,0.17647047944136318
38,"[1, 232, 1, 177]",110.30360889434814,0.6350710988044739,0.6350710988044739,0.26470590411172734
38,"[1, 232, 1, 190]",110.8846697807312,0.6635071039199829,0.6635071039199829,0.4411763835530905
38,"[1, 73, 1, 177]",34.425318002700806,0.6066350936889648,0.6066350936889648,0.08823542467036419
38,"[1, 232, 1, 190]",130.87050867080688,0.7535545229911804,0.7535545229911804,1.0
38,"[1, 73, 1, 177]",34.59754133224487,0.5971564054489136,0.5971564054489136,0.029411808223454728
38,"[1, 73, 1, 177]",33.63264989852905,0.6635071039199829,0.6635071039199829,0.4411763835530905
38,"[1, 73, 1, 177]",33.72556138038635,0.6540284156799316,0.6540284156799316,0.3823527671061811
38,"[1, 232, 1, 190]",123.29360222816467,0.6729857921600342,0.6729857921600342,0.5
38,"[1, 102, 1, 190]",45.61784076690674,0.6682464480400085,0.6682464480400085,0.47058819177654526
38,"[1, 73, 1, 177]",34.25162649154663,0.6303317546844482,0.6303317546844482,0.23529409588827263
38,"[1, 232, 1, 177]",92.12989068031311,0.6255924105644226,0.6255924105644226,0.20588228766481792
38,"[1, 175, 1, 190]",70.36466479301453,0.6303317546844482,0.6303317546844482,0.23529409588827263
38,"[1, 232, 1, 190]",112.94521999359131,0.6113743782043457,0.6113743782043457,0.11764686299445373
38,"[1, 73, 1, 177]",33.73053550720215,0.5924170613288879,0.5924170613288879,0.0
38,"[1, 232, 1, 190]",112.53367471694946,0.6255924105644226,0.6255924105644226,0.20588228766481792
39,"[1, 232, 1, 190]",130.42146182060242,0.7109004855155945,0.7109004855155945,1.0
39,"[1, 232, 5, 190]",134.05139017105103,0.3981042802333832,0.3981042802333832,0.0
39,"[1, 73, 1, 177]",33.77824926376343,0.6350710988044739,0.6350710988044739,0.7575757460270155
39,"[1, 232, 1, 190]",102.44093632698059,0.6255924105644226,0.6255924105644226,0.7272726666418311
39,"[1, 73, 1, 177]",33.619868755340576,0.6303317546844482,0.6303317546844482,0.7424242063344233
39,"[1, 232, 1, 223]",81.7218747138977,0.5971564054489136,0.5971564054489136,0.6363636190405232
39,"[1, 232, 1, 177]",130.83584833145142,0.6919431090354919,0.6919431090354919,0.9393938412296313
39,"[1, 232, 1, 190]",153.8828308582306,0.7014217972755432,0.7014217972755432,0.9696969206148156
39,"[1, 232, 1, 190]",90.30116009712219,0.5924170613288879,0.5924170613288879,0.621212079347931
39,"[1, 232, 1, 190]",115.93406367301941,0.6303317546844482,0.6303317546844482,0.7424242063344233
39,"[1, 232, 1, 177]",103.15406513214111,0.549763023853302,0.549763023853302,0.48484841266884654
39,"[1, 232, 1, 190]",135.06852269172668,0.6398104429244995,0.6398104429244995,0.7727272857196076
39,"[1, 95, 1, 177]",43.27833557128906,0.620853066444397,0.620853066444397,0.7121211269492389
39,"[1, 232, 1, 190]",126.77475929260254,0.6635071039199829,0.6635071039199829,0.8484847936283234
39,"[1, 175, 1, 190]",94.18878984451294,0.6398104429244995,0.6398104429244995,0.7727272857196076
39,"[1, 73, 1, 177]",35.96165156364441,0.5971564054489136,0.5971564054489136,0.6363636190405232
40,"[1, 232, 1, 190]",134.28842210769653,0.6587677597999573,0.6587677597999573,0.5
40,"[1, 232, 1, 190]",134.51883745193481,0.6729857921600342,0.6729857921600342,0.6071430496415674
40,"[1, 232, 1, 177]",113.27398633956909,0.6682464480400085,0.6682464480400085,0.5714286997610449
40,"[1, 232, 1, 190]",136.60837411880493,0.6540284156799316,0.6540284156799316,0.46428565011947753
40,"[1, 73, 1, 190]",35.73485326766968,0.6682464480400085,0.6682464480400085,0.5714286997610449
40,"[1, 232, 1, 190]",131.3097105026245,0.7251184582710266,0.7251184582710266,1.0
40,"[1, 232, 1, 190]",100.01199555397034,0.5924170613288879,0.5924170613288879,0.0
40,"[1, 232, 1, 190]",105.2619457244873,0.6303317546844482,0.6303317546844482,0.28571434988052247
40,"[1, 232, 1, 190]",103.07798171043396,0.6445497870445251,0.6445497870445251,0.39285739952208987
40,"[1, 95, 1, 177]",42.447970390319824,0.6682464480400085,0.6682464480400085,0.5714286997610449
40,"[1, 232, 1, 190]",105.3090169429779,0.620853066444397,0.620853066444397,0.21428565011947753
40,"[1, 232, 1, 190]",136.97623467445374,0.7061611413955688,0.7061611413955688,0.8571430496415674
40,"[1, 232, 1, 190]",121.20271158218384,0.6635071039199829,0.6635071039199829,0.5357143498805225
40,"[1, 232, 1, 190]",105.36943173408508,0.6350710988044739,0.6350710988044739,0.32142869976104493
40,"[1, 232, 1, 177]",118.99692726135254,0.6540284156799316,0.6540284156799316,0.46428565011947753
40,"[1, 73, 1, 177]",35.405558824539185,0.6303317546844482,0.6303317546844482,0.28571434988052247
41,"[1, 232, 1, 190]",117.22676086425781,0.5924170613288879,0.5924170613288879,0.0
41,"[1, 232, 1, 177]",100.38239455223083,0.6350710988044739,0.6350710988044739,0.34615386475825155
41,"[1, 232, 1, 190]",135.12160801887512,0.6113743782043457,0.6113743782043457,0.15384589338447807
41,"[1, 232, 1, 190]",137.6853003501892,0.7156398296356201,0.7156398296356201,1.0
41,"[1, 232, 1, 190]",111.06004071235657,0.6540284156799316,0.6540284156799316,0.4999997581427296
41,"[1, 232, 1, 190]",128.57400345802307,0.6161137223243713,0.6161137223243713,0.19230748765923278
41,"[1, 232, 1, 190]",138.99016499519348,0.6777251362800598,0.6777251362800598,0.6923077295165031
41,"[1, 232, 1, 190]",128.42597270011902,0.6161137223243713,0.6161137223243713,0.19230748765923278
41,"[1, 232, 1, 190]",136.66049695014954,0.7109004855155945,0.7109004855155945,0.9615384057252453
41,"[1, 232, 1, 190]",107.09167122840881,0.6161137223243713,0.6161137223243713,0.19230748765923278
41,"[1, 232, 1, 178]",136.7145049571991,0.6587677597999573,0.6587677597999573,0.5384613524174844
41,"[1, 232, 1, 190]",138.75882244110107,0.6635071039199829,0.6635071039199829,0.5769229466922391
41,"[1, 232, 1, 190]",134.48199605941772,0.6872037649154663,0.6872037649154663,0.7692304343514719
41,"[1, 232, 1, 190]",99.16008615493774,0.6018957495689392,0.6018957495689392,0.07692318854950939
41,"[1, 232, 1, 190]",98.94752383232117,0.6161137223243713,0.6161137223243713,0.19230748765923278
41,"[1, 232, 1, 177]",131.25509548187256,0.6255924105644226,0.6255924105644226,0.2692306762087422
42,"[1, 232, 1, 190]",104.11229968070984,0.620853066444397,0.620853066444397,0.31818179219714593
42,"[1, 232, 1, 190]",114.81721830368042,0.6161137223243713,0.6161137223243713,0.27272716878858366
42,"[1, 232, 1, 190]",85.30178594589233,0.5924170613288879,0.5924170613288879,0.04545462340856225
42,"[1, 232, 1, 190]",114.38960838317871,0.6350710988044739,0.6350710988044739,0.4545456624228327
42,"[1, 232, 1, 190]",136.2405505180359,0.649289071559906,0.649289071559906,0.5909089609857295
42,"[1, 232, 1, 177]",122.08615827560425,0.6540284156799316,0.6540284156799316,0.6363635843942919
42,"[1, 232, 1, 177]",129.58462643623352,0.6635071039199829,0.6635071039199829,0.7272728312114163
42,"[1, 232, 1, 190]",134.91632080078125,0.6919431090354919,0.6919431090354919,1.0
42,"[1, 232, 1, 190]",100.07570815086365,0.5876777172088623,0.5876777172088623,0.0
42,"[1, 232, 1, 190]",100.34503078460693,0.6066350936889648,0.6066350936889648,0.181818493634249
42,"[1, 232, 1, 190]",115.937748670578,0.6824644804000854,0.6824644804000854,0.9090913248456653
42,"[3, 232, 1, 177]",442.5683214664459,0.6729857921600342,0.6729857921600342,0.8181820780285408
42,"[1, 232, 1, 190]",129.60648584365845,0.5971564054489136,0.5971564054489136,0.0909092468171245
42,"[1, 232, 1, 190]",131.89879322052002,0.6777251362800598,0.6777251362800598,0.8636367014371031
42,"[1, 232, 1, 190]",108.58393573760986,0.5876777172088623,0.5876777172088623,0.0
42,"[1, 232, 1, 178]",93.13725781440735,0.5924170613288879,0.5924170613288879,0.04545462340856225
43,"[1, 232, 2, 177]",135.2599196434021,0.6635071039199829,0.6635071039199829,0.6938775929248786
43,"[3, 232, 1, 190]",441.4296700954437,0.6777251362800598,0.6777251362800598,0.7551021770058552
43,"[1, 232, 1, 177]",113.64565706253052,0.6682464480400085,0.6682464480400085,0.7142857876185374
43,"[1, 232, 1, 190]",131.67467594146729,0.6113743782043457,0.6113743782043457,0.4693877079595116
43,"[1, 232, 1, 190]",105.80811810493469,0.6161137223243713,0.6161137223243713,0.4897959026531705
43,"[1, 232, 1, 190]",129.45286798477173,0.6255924105644226,0.6255924105644226,0.5306122920404883
43,"[1, 232, 1, 177]",98.0115659236908,0.6540284156799316,0.6540284156799316,0.6530612035375607
43,"[1, 232, 1, 136]",116.3437168598175,0.6398104429244995,0.6398104429244995,0.5918368761214651
43,"[1, 232, 4, 190]",134.76416993141174,0.5023696422576904,0.5023696422576904,0.0
43,"[1, 232, 1, 177]",131.9454629421234,0.6824644804000854,0.6824644804000854,0.7755103716995142
43,"[1, 232, 1, 190]",124.32664799690247,0.5971564054489136,0.5971564054489136,0.408163380543416
43,"[1, 232, 1, 190]",116.45210242271423,0.6729857921600342,0.6729857921600342,0.7346939823121964
43,"[1, 232, 1, 177]",131.11378049850464,0.7298578023910522,0.7298578023910522,0.979591805306341
43,"[1, 232, 1, 177]",131.50286030769348,0.5687204003334045,0.5687204003334045,0.2857144690463437
43,"[3, 232, 1, 177]",431.86751532554626,0.649289071559906,0.649289071559906,0.6326530088439019
43,"[1, 232, 1, 190]",136.89726901054382,0.7345971465110779,0.7345971465110779,1.0
44,"[1, 232, 2, 177]",132.21573305130005,0.6018957495689392,0.6018957495689392,0.19047641862267342
44,"[1, 232, 1, 190]",118.47065162658691,0.6398104429244995,0.6398104429244995,0.5714286569835025
44,"[1, 232, 1, 136]",97.87381505966187,0.6445497870445251,0.6445497870445251,0.6190477616391709
44,"[1, 232, 1, 177]",119.04269742965698,0.6587677597999573,0.6587677597999573,0.7619044767216583
44,"[4, 232, 1, 136]",523.728374004364,0.5829383730888367,0.5829383730888367,0.0
44,"[1, 232, 1, 190]",105.81586647033691,0.5924170613288879,0.5924170613288879,0.09523820931133671
44,"[3, 232, 1, 177]",364.57223892211914,0.6066350936889648,0.6066350936889648,0.23809552327834177
44,"[1, 232, 1, 190]",126.86435437202454,0.6777251362800598,0.6777251362800598,0.9523808953443317
44,"[1, 232, 1, 190]",129.63104844093323,0.6635071039199829,0.6635071039199829,0.8095235813773266
44,"[1, 232, 1, 190]",127.09660744667053,0.6587677597999573,0.6587677597999573,0.7619044767216583
44,"[1, 232, 2, 190]",132.917733669281,0.6540284156799316,0.6540284156799316,0.7142853720659899
44,"[1, 232, 1, 177]",100.78888463973999,0.5924170613288879,0.5924170613288879,0.09523820931133671
44,"[1, 232, 2, 190]",133.0987811088562,0.649289071559906,0.649289071559906,0.6666662674103215
44,"[1, 232, 1, 177]",126.83677577972412,0.620853066444397,0.620853066444397,0.38095223836082914
44,"[3, 232, 1, 190]",442.72511744499207,0.5829383730888367,0.5829383730888367,0.0
44,"[1, 232, 1, 177]",111.21641325950623,0.6824644804000854,0.6824644804000854,1.0
45,"[1, 232, 1, 177]",132.34235405921936,0.6682464480400085,0.6682464480400085,0.9529412443580162
45,"[1, 232, 1, 177]",132.4109275341034,0.6398104429244995,0.6398104429244995,0.8823530369151511
45,"[1, 232, 1, 190]",90.5407202243805,0.5829383730888367,0.5829383730888367,0.7411764740696418
45,"[1, 232, 1, 136]",98.22838616371155,0.6729857921600342,0.6729857921600342,0.9647059702584568
45,"[1, 232, 1, 136]",116.42382192611694,0.6777251362800598,0.6777251362800598,0.9764706961588976
45,"[1, 232, 1, 177]",131.48129987716675,0.6113743782043457,0.6113743782043457,0.811764681512507
45,"[1, 232, 1, 177]",100.7769103050232,0.6872037649154663,0.6872037649154663,1.0
45,"[1, 232, 1, 177]",111.25586867332458,0.6066350936889648,0.6066350936889648,0.8000001035718453
45,"[3, 217, 1, 177]",406.38916182518005,0.6066350936889648,0.6066350936889648,0.8000001035718453
45,"[1, 232, 1, 177]",111.54251170158386,0.620853066444397,0.620853066444397,0.8352941333133883
45,"[1, 232, 1, 177]",90.58751320838928,0.5829383730888367,0.5829383730888367,0.7411764740696418
45,"[1, 232, 1, 190]",132.3829345703125,0.6777251362800598,0.6777251362800598,0.9764706961588976
45,"[1, 51, 1, 177]",28.192631244659424,0.6018957495689392,0.6018957495689392,0.7882353776714046
45,"[1, 232, 5, 177]",135.70204758644104,0.28436020016670227,0.28436020016670227,0.0
45,"[1, 232, 5, 177]",135.59023237228394,0.36966824531555176,0.36966824531555176,0.2117646963084849
45,"[1, 232, 2, 190]",133.21969962120056,0.6540284156799316,0.6540284156799316,0.9176470666566942
46,"[1, 232, 2, 116]",120.19828248023987,0.5687204003334045,0.5687204003334045,0.2558140351102966
46,"[1, 232, 1, 177]",95.85846138000488,0.6255924105644226,0.6255924105644226,0.534883625704654
46,"[1, 232, 1, 177]",134.7641453742981,0.6398104429244995,0.6398104429244995,0.6046511695925247
46,"[1, 232, 1, 177]",134.7808132171631,0.6587677597999573,0.6587677597999573,0.6976742689644563
46,"[2, 232, 1, 177]",237.14314675331116,0.5260663628578186,0.5260663628578186,0.04651169592524716
46,"[1, 232, 1, 177]",121.66330981254578,0.6729857921600342,0.6729857921600342,0.767441812852327
46,"[1, 232, 1, 177]",135.1363353729248,0.7203791737556458,0.7203791737556458,1.0
46,"[1, 232, 1, 177]",91.02927112579346,0.6303317546844482,0.6303317546844482,0.5581394736672776
46,"[1, 232, 1, 190]",109.42343497276306,0.6161137223243713,0.6161137223243713,0.4883719297794068
46,"[1, 232, 1, 177]",129.59530997276306,0.6350710988044739,0.6350710988044739,0.5813953216299012
46,"[1, 232, 1, 177]",114.15915584564209,0.6066350936889648,0.6066350936889648,0.44186052633272244
46,"[1, 217, 1, 177]",123.59147691726685,0.6777251362800598,0.6777251362800598,0.7906976608149505
46,"[1, 232, 1, 177]",132.86274528503418,0.6587677597999573,0.6587677597999573,0.6976742689644563
46,"[1, 232, 1, 136]",124.93036246299744,0.6540284156799316,0.6540284156799316,0.6744184210018327
46,"[1, 232, 1, 177]",111.86890959739685,0.7156398296356201,0.7156398296356201,0.9767441520373764
46,"[3, 232, 1, 190]",306.2260477542877,0.5165876746177673,0.5165876746177673,0.0
47,"[1, 232, 1, 177]",134.06258702278137,0.6729857921600342,0.6729857921600342,0.7307693237912578
47,"[1, 232, 1, 177]",102.42860865592957,0.5829383730888367,0.5829383730888367,0.0
47,"[1, 232, 1, 177]",133.60641193389893,0.6255924105644226,0.6255924105644226,0.34615386475825155
47,"[1, 232, 1, 177]",97.18591713905334,0.5924170613288879,0.5924170613288879,0.07692318854950939
47,"[1, 232, 2, 116]",134.61215996742249,0.6919431090354919,0.6919431090354919,0.8846152171757359
47,"[1, 232, 1, 177]",136.3752806186676,0.5971564054489136,0.5971564054489136,0.11538478282426409
47,"[1, 232, 1, 177]",125.97989535331726,0.6682464480400085,0.6682464480400085,0.6923077295165031
47,"[1, 232, 1, 177]",109.89818525314331,0.6066350936889648,0.6066350936889648,0.19230797137377348
47,"[2, 232, 1, 177]",294.96007680892944,0.6540284156799316,0.6540284156799316,0.5769229466922391
47,"[1, 232, 1, 177]",104.66850996017456,0.6398104429244995,0.6398104429244995,0.46153864758251567
47,"[1, 217, 1, 177]",107.61648941040039,0.6161137223243713,0.6161137223243713,0.2692306762087422
47,"[1, 232, 1, 136]",162.1521556377411,0.6635071039199829,0.6635071039199829,0.6538461352417484
47,"[1, 232, 1, 177]",119.81598234176636,0.6066350936889648,0.6066350936889648,0.19230797137377348
47,"[1, 232, 1, 177]",138.33561182022095,0.7061611413955688,0.7061611413955688,1.0
47,"[1, 232, 1, 177]",106.20960736274719,0.6635071039199829,0.6635071039199829,0.6538461352417484
47,"[1, 232, 1, 177]",122.0996835231781,0.6682464480400085,0.6682464480400085,0.6923077295165031
48,"[1, 232, 1, 177]",108.88404965400696,0.5924170613288879,0.5924170613288879,0.11111126637749855
48,"[1, 232, 1, 177]",139.97267508506775,0.7061611413955688,0.7061611413955688,1.0
48,"[1, 232, 1, 177]",140.2618477344513,0.6445497870445251,0.6445497870445251,0.518518777295831
48,"[1, 232, 1, 177]",112.5894672870636,0.6682464480400085,0.6682464480400085,0.7037037554591662
48,"[1, 232, 1, 177]",115.16484594345093,0.5971564054489136,0.5971564054489136,0.14814835516999805
48,"[1, 232, 1, 177]",139.88707375526428,0.578199028968811,0.578199028968811,0.0
48,"[1, 232, 2, 177]",142.8372883796692,0.6398104429244995,0.6398104429244995,0.4814816885033314
48,"[1, 232, 1, 177]",125.43634486198425,0.6161137223243713,0.6161137223243713,0.2962962445408338
48,"[1, 232, 2, 116]",142.3998613357544,0.5829383730888367,0.5829383730888367,0.03703708879249951
48,"[1, 232, 1, 177]",128.73594999313354,0.6919431090354919,0.6919431090354919,0.8888887336225014
48,"[1, 232, 1, 177]",124.7544858455658,0.6540284156799316,0.6540284156799316,0.5925924890816676
48,"[1, 232, 1, 177]",139.05755305290222,0.649289071559906,0.649289071559906,0.5555554002891682
48,"[1, 62, 1, 177]",31.41888976097107,0.6350710988044739,0.6350710988044739,0.4444445997108319
48,"[1, 232, 1, 177]",139.46170377731323,0.6966824531555176,0.6966824531555176,0.925925822415001
48,"[1, 232, 1, 116]",139.41455626487732,0.6682464480400085,0.6682464480400085,0.7037037554591662
48,"[1, 232, 1, 177]",139.48680329322815,0.6540284156799316,0.6540284156799316,0.5925924890816676
49,"[1, 62, 1, 116]",31.32903027534485,0.6161137223243713,0.6161137223243713,0.7160493635473536
49,"[1, 62, 1, 177]",31.351661920547485,0.6966824531555176,0.6966824531555176,0.9259259546789695
49,"[1, 232, 1, 177]",125.20534825325012,0.6398104429244995,0.6398104429244995,0.7777778640369087
49,"[1, 232, 1, 177]",119.72300624847412,0.6824644804000854,0.6824644804000854,0.8888890096516722
49,"[1, 232, 1, 177]",124.9054605960846,0.6872037649154663,0.6872037649154663,0.9012345544831475
49,"[1, 232, 1, 177]",137.2189974784851,0.6729857921600342,0.6729857921600342,0.8641976094558501
49,"[1, 232, 1, 177]",122.22671961784363,0.6872037649154663,0.6872037649154663,0.9012345544831475
49,"[1, 232, 1, 177]",138.71710443496704,0.6445497870445251,0.6445497870445251,0.7901235641348197
49,"[1, 232, 1, 177]",138.2490837574005,0.7251184582710266,0.7251184582710266,1.0
49,"[1, 232, 1, 177]",119.04278564453125,0.6303317546844482,0.6303317546844482,0.7530864638410867
49,"[1, 232, 1, 177]",135.33069324493408,0.6824644804000854,0.6824644804000854,0.8888890096516722
49,"[1, 232, 2, 177]",141.33259415626526,0.6255924105644226,0.6255924105644226,0.7407407637431757
49,"[1, 62, 1, 177]",30.936160802841187,0.5971564054489136,0.5971564054489136,0.6666667184221452
49,"[1, 232, 1, 177]",137.78377079963684,0.6587677597999573,0.6587677597999573,0.8271605091621171
49,"[1, 232, 5, 177]",140.96098113059998,0.3412322402000427,0.3412322402000427,0.0
49,"[1, 232, 1, 177]",137.5650577545166,0.6066350936889648,0.6066350936889648,0.6913581186179673
50,"[1, 232, 3, 177]",138.89589595794678,0.5592417120933533,0.5592417120933533,0.5797101845512931
50,"[1, 62, 1, 177]",30.930187940597534,0.6398104429244995,0.6398104429244995,0.8260870357692529
50,"[1, 62, 1, 177]",30.70648717880249,0.649289071559906,0.649289071559906,0.8550724082948563
50,"[1, 62, 1, 177]",30.692880868911743,0.6587677597999573,0.6587677597999573,0.8840579630897414
50,"[1, 62, 1, 177]",30.49220299720764,0.649289071559906,0.649289071559906,0.8550724082948563
50,"[1, 62, 1, 177]",30.441629886627197,0.6966824531555176,0.6966824531555176,1.0
50,"[1, 232, 1, 177]",126.34940481185913,0.6161137223243713,0.6161137223243713,0.7536231487820402
50,"[1, 62, 1, 177]",30.465961933135986,0.6350710988044739,0.6350710988044739,0.8115942583718104
50,"[1, 232, 1, 177]",139.26732993125916,0.6682464480400085,0.6682464480400085,0.9130435178846265
50,"[1, 232, 5, 177]",139.72215867042542,0.36966824531555176,0.36966824531555176,0.0
50,"[3, 232, 1, 177]",445.44497299194336,0.6161137223243713,0.6161137223243713,0.7536231487820402
50,"[1, 62, 1, 177]",30.274264574050903,0.6350710988044739,0.6350710988044739,0.8115942583718104
50,"[1, 232, 5, 177]",136.86213326454163,0.3886255919933319,0.3886255919933319,0.057971018455129315
50,"[1, 62, 1, 177]",30.222877740859985,0.6540284156799316,0.6540284156799316,0.8695651856922988
50,"[1, 62, 1, 177]",30.2342426776886,0.6540284156799316,0.6540284156799316,0.8695651856922988
50,"[1, 232, 1, 144]",135.49055218696594,0.6824644804000854,0.6824644804000854,0.9565218500769541
51,"[1, 62, 1, 177]",30.17261052131653,0.6445497870445251,0.6445497870445251,0.7500001310060372
51,"[1, 62, 1, 177]",30.28625988960266,0.6729857921600342,0.6729857921600342,1.0
51,"[3, 232, 1, 177]",412.4976885318756,0.6445497870445251,0.6445497870445251,0.7500001310060372
51,"[1, 62, 1, 177]",30.16630983352661,0.6255924105644226,0.6255924105644226,0.583333202327296
51,"[1, 232, 1, 177]",133.11255741119385,0.6303317546844482,0.6303317546844482,0.6249999344969813
51,"[1, 62, 1, 177]",30.071654081344604,0.6445497870445251,0.6445497870445251,0.7500001310060372
51,"[1, 62, 1, 177]",30.06295084953308,0.5924170613288879,0.5924170613288879,0.291666601163648
51,"[1, 62, 1, 177]",24.533103466033936,0.6113743782043457,0.6113743782043457,0.4583330058182401
51,"[1, 62, 1, 177]",25.609057903289795,0.5592417120933533,0.5592417120933533,0.0
51,"[1, 62, 1, 177]",30.255786657333374,0.6398104429244995,0.6398104429244995,0.7083333988363519
51,"[1, 62, 1, 177]",30.01842427253723,0.6587677597999573,0.6587677597999573,0.8749998034909441
51,"[1, 62, 1, 177]",30.084460496902466,0.6398104429244995,0.6398104429244995,0.7083333988363519
51,"[1, 62, 1, 177]",29.90641975402832,0.5734597444534302,0.5734597444534302,0.12500019650905592
51,"[1, 62, 1, 177]",28.855531930923462,0.6255924105644226,0.6255924105644226,0.583333202327296
51,"[1, 62, 1, 177]",29.883599281311035,0.6350710988044739,0.6350710988044739,0.6666666666666666
51,"[1, 247, 1, 177]",113.76591777801514,0.5971564054489136,0.5971564054489136,0.3333333333333333
52,"[1, 62, 1, 177]",29.99601984024048,0.6350710988044739,0.6350710988044739,0.6666667937028664
52,"[1, 232, 1, 177]",127.33895611763,0.620853066444397,0.620853066444397,0.5757575295625941
52,"[1, 62, 1, 177]",28.18425726890564,0.6113743782043457,0.6113743782043457,0.5151513534690791
52,"[1, 62, 1, 177]",30.101420640945435,0.578199028968811,0.578199028968811,0.3030301182503762
52,"[1, 232, 1, 177]",112.9047372341156,0.620853066444397,0.620853066444397,0.5757575295625941
52,"[1, 62, 1, 156]",28.2415132522583,0.6113743782043457,0.6113743782043457,0.5151513534690791
52,"[1, 62, 1, 177]",29.95388960838318,0.6540284156799316,0.6540284156799316,0.787878764781297
52,"[1, 62, 1, 177]",30.060479164123535,0.6303317546844482,0.6303317546844482,0.6363637056561089
52,"[1, 62, 1, 177]",29.999923706054688,0.6635071039199829,0.6635071039199829,0.848484940874812
52,"[1, 232, 1, 177]",133.80315804481506,0.6445497870445251,0.6445497870445251,0.7272729697963813
52,"[3, 232, 1, 177]",395.1048696041107,0.6161137223243713,0.6161137223243713,0.5454544415158366
52,"[1, 62, 1, 177]",24.57722520828247,0.5308057069778442,0.5308057069778442,0.0
52,"[3, 232, 1, 177]",443.77874422073364,0.6872037649154663,0.6872037649154663,1.0
52,"[1, 62, 1, 177]",30.235126972198486,0.6255924105644226,0.6255924105644226,0.6060606176093515
52,"[3, 232, 1, 177]",375.30468797683716,0.5971564054489136,0.5971564054489136,0.424242470437406
52,"[1, 62, 1, 177]",28.463822603225708,0.6018957495689392,0.6018957495689392,0.4545455584841634
53,"[3, 62, 1, 162]",83.4838650226593,0.6966824531555176,0.6966824531555176,0.9705881917765453
53,"[1, 62, 1, 177]",30.057425022125244,0.6445497870445251,0.6445497870445251,0.6470590411172736
53,"[1, 232, 1, 177]",106.4673056602478,0.6066350936889648,0.6066350936889648,0.411764945229001
53,"[1, 62, 1, 177]",30.21973466873169,0.5971564054489136,0.5971564054489136,0.35294132878209156
53,"[1, 232, 1, 177]",132.59321284294128,0.6445497870445251,0.6445497870445251,0.6470590411172736
53,"[3, 232, 1, 177]",419.0240843296051,0.5639810562133789,0.5639810562133789,0.14705904111727364
53,"[3, 232, 1, 177]",402.30528926849365,0.6113743782043457,0.6113743782043457,0.4411763835530905
53,"[3, 191, 1, 177]",309.75710105895996,0.5829383730888367,0.5829383730888367,0.26470590411172734
53,"[1, 62, 1, 177]",30.04704189300537,0.6350710988044739,0.6350710988044739,0.5882354246703642
53,"[3, 232, 1, 177]",444.38218879699707,0.6255924105644226,0.6255924105644226,0.5294118082234547
53,"[1, 62, 1, 177]",30.067826747894287,0.5971564054489136,0.5971564054489136,0.35294132878209156
53,"[1, 232, 1, 177]",106.82757472991943,0.6540284156799316,0.6540284156799316,0.7058822876648179
53,"[1, 62, 1, 177]",29.537824630737305,0.6303317546844482,0.6303317546844482,0.5588236164469095
53,"[3, 232, 1, 177]",383.901251077652,0.5402843356132507,0.5402843356132507,0.0
53,"[1, 232, 1, 177]",104.21039271354675,0.5639810562133789,0.5639810562133789,0.14705904111727364
53,"[1, 232, 1, 177]",132.77846455574036,0.7014217972755432,0.7014217972755432,1.0
